服装,ID
"ユニフォーム","1"
"制服","2"
"プール掃除","3"
"水着","4"
"夏祭り","5"
"探偵","6"
"職業体験","7"
"文化祭","8"
"アート","9"
"Xmas","10"
"新年","11"
"雪遊び","12"
"1周年","13"
"サバゲ","14"
"路地裏","15"
"RPG","16"
"バーガー","17"
"梅雨","18"
"キャンプ","19"
"王冠","20"
"花火","21"
"バカンス","22"
"スパイ","23"
"カンフー","24"
"仮装","25"
"甲冑","26"
"文化祭2","27"
"ジャージ","28"
"Xmas2","29"
"新年2","30"
"路地裏2","31"
"2周年","32"
"遊園地","33"
"妖","34"
"中学生","35"
"職業体験2","36"
"アート2","37"
"サバゲ2","38"
"水着2","39"
"夏祭り2","40"
"焼き芋","41"
"ハロウィン","42"
"文化祭3","43"
"Xmas3","44"
"寝正月","45"
"和装体験","46"
"3周年","47"
"格ゲー","48"
