No.,DispName
1,"日向翔陽ICO"
2,"制服日向翔陽ICO"
3,"夏祭り日向翔陽ICO"
4,"1周年日向翔陽ICO"
5,"王冠日向翔陽ICO"
6,"ジャージ日向翔陽ICO"
7,"遊園地日向翔陽ICO"
8,"影山飛雄ICO"
9,"制服影山飛雄ICO"
10,"夏祭り影山飛雄ICO"
11,"Xmas影山飛雄ICO"
12,"1周年影山飛雄ICO"
13,"王冠影山飛雄ICO"
14,"ジャージ影山飛雄ICO"
15,"2周年影山飛雄ICO"
16,"中学生影山飛雄ICO"
17,"月島蛍ICO"
18,"水着月島蛍ICO"
19,"職業体験月島蛍ICO"
20,"1周年月島蛍ICO"
21,"花火月島蛍ICO"
22,"ジャージ月島蛍ICO"
23,"2周年月島蛍ICO"
24,"アート2月島蛍ICO"
25,"山口忠ICO"
26,"水着山口忠ICO"
27,"雪遊び山口忠ICO"
28,"スパイ山口忠ICO"
29,"ジャージ山口忠ICO"
30,"西谷夕ICO"
31,"制服西谷夕ICO"
32,"Xmas西谷夕ICO"
33,"バーガー西谷夕ICO"
34,"文化祭2西谷夕ICO"
35,"2周年西谷夕ICO"
36,"田中龍之介ICO"
37,"制服田中龍之介ICO"
38,"新年田中龍之介ICO"
39,"RPG田中龍之介ICO"
40,"仮装田中龍之介ICO"
41,"澤村大地ICO"
42,"プール掃除澤村大地ICO"
43,"文化祭澤村大地ICO"
44,"RPG澤村大地ICO"
45,"新年2澤村大地ICO"
46,"菅原考支ICO"
47,"プール掃除菅原考支ICO"
48,"文化祭菅原考支ICO"
49,"梅雨菅原考支ICO"
50,"Xmas2菅原考支ICO"
51,"東峰旭ICO"
52,"プール掃除東峰旭ICO"
53,"サバゲ東峰旭ICO"
54,"東峰旭YEL"
55,"縁下力ICO"
56,"探偵縁下力ICO"
57,"RPG縁下力ICO"
58,"花火縁下力ICO"
59,"木下久志ICO"
60,"妖木下久志ICO"
61,"成田一仁ICO"
62,"孤爪研磨ICO"
63,"制服孤爪研磨ICO"
64,"夏祭り孤爪研磨ICO"
65,"1周年孤爪研磨ICO"
66,"スパイ孤爪研磨ICO"
67,"Xmas2孤爪研磨ICO"
68,"中学生孤爪研磨ICO"
69,"黒尾鉄朗ICO"
70,"制服黒尾鉄朗ICO"
71,"夏祭り黒尾鉄朗ICO"
72,"1周年黒尾鉄朗ICO"
73,"キャンプ黒尾鉄朗ICO"
74,"文化祭2黒尾鉄朗ICO"
75,"中学生黒尾鉄朗ICO"
76,"灰羽リエーフICO"
77,"探偵灰羽リエーフICO"
78,"路地裏灰羽リエーフICO"
79,"文化祭2灰羽リエーフICO"
80,"サバゲ2灰羽リエーフICO"
81,"夜久衛輔ICO"
82,"1周年夜久衛輔ICO"
83,"花火夜久衛輔ICO"
84,"2周年夜久衛輔ICO"
85,"福永招平ICO"
86,"バーガー福永招平ICO"
87,"アート2福永招平ICO"
88,"犬岡走ICO"
89,"新年犬岡走ICO"
90,"山本猛虎ICO"
91,"新年山本猛虎ICO"
92,"芝山優生ICO"
93,"海信之ICO"
94,"遊園地海信之ICO"
95,"海信之YEL"
96,"手白球彦ICO"
97,"青根高伸ICO"
98,"制服青根高伸ICO"
99,"プール掃除青根高伸ICO"
100,"キャンプ青根高伸ICO"
101,"甲冑青根高伸ICO"
102,"二口堅治ICO"
103,"制服二口堅治ICO"
104,"プール掃除二口堅治ICO"
105,"路地裏二口堅治ICO"
106,"甲冑二口堅治ICO"
107,"2周年二口堅治ICO"
108,"アート2二口堅治ICO"
109,"黄金川貫至ICO"
110,"制服黄金川貫至ICO"
111,"職業体験黄金川貫至ICO"
112,"スパイ黄金川貫至ICO"
113,"小原豊ICO"
114,"女川太郎ICO"
115,"作並浩輔ICO"
116,"職業体験2作並浩輔ICO"
117,"吹上仁悟ICO"
118,"茂庭要ICO"
119,"鎌先靖志ICO"
120,"甲冑鎌先靖志ICO"
121,"笹谷武仁ICO"
122,"及川徹ICO"
123,"プール掃除及川徹ICO"
124,"Xmas及川徹ICO"
125,"制服及川徹ICO"
126,"路地裏及川徹ICO"
127,"バカンス及川徹ICO"
128,"2周年及川徹ICO"
129,"岩泉一ICO"
130,"プール掃除岩泉一ICO"
131,"制服岩泉一ICO"
132,"サバゲ岩泉一ICO"
133,"バカンス岩泉一ICO"
134,"路地裏2岩泉一ICO"
135,"金田一勇太郎ICO"
136,"雪遊び金田一勇太郎ICO"
137,"カンフー金田一勇太郎ICO"
138,"中学生金田一勇太郎ICO"
139,"京谷賢太郎ICO"
140,"梅雨京谷賢太郎ICO"
141,"国見英ICO"
142,"職業体験国見英ICO"
143,"路地裏国見英ICO"
144,"カンフー国見英ICO"
145,"中学生国見英ICO"
146,"渡親治ICO"
147,"松川一静ICO"
148,"アート松川一静ICO"
149,"バカンス松川一静ICO"
150,"花巻貴大ICO"
151,"アート花巻貴大ICO"
152,"バーガー花巻貴大ICO"
153,"妖花巻貴大ICO"
154,"矢巾秀ICO"
155,"キャンプ矢巾秀ICO"
156,"駒木輝ICO"
157,"茶屋和馬ICO"
158,"玉川弘樹ICO"
159,"桜井大河ICO"
160,"芳賀良治ICO"
161,"渋谷陸斗ICO"
162,"池尻隼人ICO"
163,"文化祭2池尻隼人ICO"
164,"遊園地池尻隼人ICO"
165,"十和田良樹ICO"
166,"森岳歩ICO"
167,"唐松拓巳ICO"
168,"田沢裕樹ICO"
169,"子安颯真ICO"
170,"サバゲ2子安颯真ICO"
171,"横手駿ICO"
172,"夏瀬伊吹ICO"
173,"秋宮昇ICO"
174,"古牧譲ICO"
175,"雪遊び古牧譲ICO"
176,"浅虫快人ICO"
177,"南田大志ICO"
178,"湯川良明ICO"
179,"稲垣功ICO"
180,"馬門英治ICO"
181,"百沢雄大ICO"
182,"職業体験百沢雄大ICO"
183,"照島游児ICO"
184,"制服照島游児ICO"
185,"雪遊び照島游児ICO"
186,"スパイ照島游児ICO"
187,"妖照島游児ICO"
188,"母畑和馬ICO"
189,"アート2母畑和馬ICO"
190,"二岐丈晴ICO"
191,"制服二岐丈晴ICO"
192,"沼尻凛太郎ICO"
193,"飯坂信義ICO"
194,"東山勝道ICO"
195,"土湯新ICO"
196,"中島猛ICO"
197,"スパイ中島猛ICO"
198,"白石優希ICO"
199,"花山一雅ICO"
200,"鳴子哲平ICO"
201,"秋保和光ICO"
202,"松島剛ICO"
203,"妖松島剛ICO"
204,"川渡瞬己ICO"
205,"サバゲ2川渡瞬己ICO"
206,"牛島若利ICO"
207,"水着牛島若利ICO"
208,"新年牛島若利ICO"
209,"制服牛島若利ICO"
210,"文化祭2牛島若利ICO"
211,"妖牛島若利ICO"
212,"天童覚ICO"
213,"水着天童覚ICO"
214,"文化祭天童覚ICO"
215,"制服天童覚ICO"
216,"仮装天童覚ICO"
217,"遊園地天童覚ICO"
218,"五色工ICO"
219,"職業体験五色工ICO"
220,"制服五色工ICO"
221,"バカンス五色工ICO"
222,"Xmas2五色工ICO"
223,"白布賢二郎ICO"
224,"探偵白布賢二郎ICO"
225,"制服白布賢二郎ICO"
226,"バカンス白布賢二郎ICO"
227,"路地裏2白布賢二郎ICO"
228,"大平獅音ICO"
229,"川西太一ICO"
230,"路地裏川西太一ICO"
231,"瀬見英太ICO"
232,"雪遊び瀬見英太ICO"
233,"バカンス瀬見英太ICO"
234,"アート2瀬見英太ICO"
235,"山形隼人ICO"
236,"強羅昌己ICO"
237,"芦谷洋平ICO"
238,"仙石伸吾ICO"
239,"中川俊美ICO"
240,"七沢健吾ICO"
241,"伊勢原裕次ICO"
242,"湯河浩二ICO"
243,"千鹿谷栄吉ICO"
244,"小鹿野大樹ICO"
245,"赤谷勇ICO"
246,"児玉勝ICO"
247,"名栗翔太ICO"
248,"島府典明ICO"
249,"吉川和孝ICO"
250,"宮侑ICO"
251,"文化祭宮侑ICO"
252,"RPG宮侑ICO"
253,"カンフー宮侑ICO"
254,"新年2宮侑ICO"
255,"サバゲ2宮侑ICO"
256,"宮治ICO"
257,"RPG宮治ICO"
258,"カンフー宮治ICO"
259,"遊園地宮治ICO"
260,"角名倫太郎ICO"
261,"サバゲ角名倫太郎ICO"
262,"花火角名倫太郎ICO"
263,"路地裏2角名倫太郎ICO"
264,"北信介ICO"
265,"Xmas北信介ICO"
266,"スパイ北信介ICO"
267,"新年2北信介ICO"
268,"職業体験2北信介ICO"
269,"尾白アランICO"
270,"雪遊び尾白アランICO"
271,"赤木路成ICO"
272,"Xmas2赤木路成ICO"
273,"大耳練ICO"
274,"理石平介ICO"
275,"銀島結ICO"
276,"Xmas2銀島結ICO"
277,"木兎光太郎ICO"
278,"夏祭り木兎光太郎ICO"
279,"Xmas木兎光太郎ICO"
280,"制服木兎光太郎ICO"
281,"キャンプ木兎光太郎ICO"
282,"2周年木兎光太郎ICO"
283,"木葉秋紀ICO"
284,"探偵木葉秋紀ICO"
285,"梅雨木葉秋紀ICO"
286,"路地裏2木葉秋紀ICO"
287,"猿杙大和ICO"
288,"小見春樹ICO"
289,"路地裏2小見春樹ICO"
290,"尾長渉ICO"
291,"鷲尾辰生ICO"
292,"赤葦京治ICO"
293,"夏祭り赤葦京治ICO"
294,"制服赤葦京治ICO"
295,"バーガー赤葦京治ICO"
296,"仮装赤葦京治ICO"
297,"妖赤葦京治ICO"
298,"姫川葵ICO"
299,"花火姫川葵ICO"
300,"当間義友ICO"
301,"越後栄ICO"
302,"貝掛亮文ICO"
303,"丸山一喜ICO"
304,"舞子侑志ICO"
305,"寺泊基希ICO"
306,"星海光来ICO"
307,"文化祭星海光来ICO"
308,"サバゲ星海光来ICO"
309,"花火星海光来ICO"
310,"新年2星海光来ICO"
311,"昼神幸郎ICO"
312,"Xmas昼神幸郎ICO"
313,"職業体験2昼神幸郎ICO"
314,"佐久早聖臣ICO"
315,"サバゲ佐久早聖臣ICO"
316,"新年2佐久早聖臣ICO"
317,"小森元也ICO"
318,"キャンプ小森元也ICO"
319,"大将優ICO"
320,"新年大将優ICO"
321,"カンフー大将優ICO"
322,"妖大将優ICO"
323,"沼井和馬ICO"
324,"潜尚保ICO"
325,"バーガー潜尚保ICO"
326,"高千穂恵也ICO"
327,"広尾倖児ICO"
328,"カンフー広尾倖児ICO"
329,"先島伊澄ICO"
330,"背黒晃彦ICO"
331,"赤間颯ICO"
