No,eda,No用,大分類,属性,色,パワー,補正,強化,強化補正,スキル名
107,1,"ユニフォーム手白球彦ICONIC","スペシャル","ターゲット","銅",13,0,0,0,""
131,1,"ユニフォーム茂庭要ICONIC","スペシャル","ターゲット","銅",13,0,0,0,""
132,1,"ユニフォーム鎌先靖志ICONIC","スペシャル","ターゲット","銅",13,0,0,0,""
133,1,"甲冑鎌先靖志ICONIC","スペシャル","ターゲット","銅",13,0,0,0,""
134,1,"ユニフォーム笹谷武仁ICONIC","スペシャル","ターゲット","銅",13,0,0,0,""
135,1,"ユニフォーム及川徹ICONIC","スペシャル","ターゲット","銅",13,0,0,0,""
136,1,"プール掃除及川徹ICONIC","スペシャル","ターゲット","銅",13,0,0,0,""
138,1,"制服及川徹ICONIC","スペシャル","ターゲット","銅",13,0,0,0,""
139,1,"路地裏及川徹ICONIC","スペシャル","ターゲット","銅",13,0,0,0,""
141,1,"2周年及川徹ICONIC","スペシャル","ターゲット","銅",13,0,0,0,""
143,1,"ユニフォーム岩泉一ICONIC","スペシャル","ターゲット","銅",13,0,0,0,""
144,1,"プール掃除岩泉一ICONIC","スペシャル","ターゲット","銅",13,0,0,0,""
145,1,"制服岩泉一ICONIC","スペシャル","ターゲット","銅",13,0,0,0,""
146,1,"サバゲ岩泉一ICONIC","スペシャル","ターゲット","銅",13,0,0,0,""
147,1,"バカンス岩泉一ICONIC","スペシャル","ターゲット","銅",13,0,0,0,""
148,1,"路地裏2岩泉一ICONIC","スペシャル","ターゲット","銅",13,0,0,0,""
149,1,"夏祭り2岩泉一ICONIC","スペシャル","ターゲット","銅",13,0,0,0,""
150,1,"ユニフォーム金田一勇太郎ICONIC","スペシャル","ターゲット","銅",13,0,0,0,""
151,1,"雪遊び金田一勇太郎ICONIC","スペシャル","ターゲット","銅",13,0,0,0,""
152,1,"カンフー金田一勇太郎ICONIC","スペシャル","ターゲット","銅",13,0,0,0,""
153,1,"中学生金田一勇太郎ICONIC","スペシャル","ターゲット","銅",13,0,0,0,""
154,1,"ユニフォーム京谷賢太郎ICONIC","スペシャル","ターゲット","銅",13,0,0,0,""
155,1,"梅雨京谷賢太郎ICONIC","スペシャル","ターゲット","銅",13,0,0,0,""
156,1,"水着2京谷賢太郎ICONIC","スペシャル","ターゲット","銅",13,0,0,0,""
157,1,"ユニフォーム国見英ICONIC","スペシャル","ターゲット","銅",13,0,0,0,""
158,1,"職業体験国見英ICONIC","スペシャル","ターゲット","銅",13,0,0,0,""
159,1,"路地裏国見英ICONIC","スペシャル","ターゲット","銅",13,0,0,0,""
160,1,"カンフー国見英ICONIC","スペシャル","ターゲット","銅",13,0,0,0,""
161,1,"中学生国見英ICONIC","スペシャル","ターゲット","銅",13,0,0,0,""
167,1,"ユニフォーム花巻貴大ICONIC","スペシャル","ターゲット","銅",13,0,0,0,""
168,1,"アート花巻貴大ICONIC","スペシャル","ターゲット","銅",13,0,0,0,""
169,1,"バーガー花巻貴大ICONIC","スペシャル","ターゲット","銅",13,0,0,0,""
170,1,"妖花巻貴大ICONIC","スペシャル","ターゲット","銅",13,0,0,0,""
171,1,"焼き芋花巻貴大ICONIC","スペシャル","ターゲット","銅",13,0,0,0,""
172,1,"ユニフォーム矢巾秀ICONIC","スペシャル","ターゲット","銅",13,0,0,0,""
173,1,"キャンプ矢巾秀ICONIC","スペシャル","ターゲット","銅",13,0,0,0,""
178,1,"ユニフォーム芳賀良治ICONIC","スペシャル","ターゲット","銅",13,0,0,0,""
179,1,"ユニフォーム渋谷陸斗ICONIC","スペシャル","ターゲット","銅",13,0,0,0,""
180,1,"ユニフォーム池尻隼人ICONIC","スペシャル","ターゲット","銅",13,0,0,0,""
181,1,"文化祭2池尻隼人ICONIC","スペシャル","ターゲット","銅",13,0,0,0,""
182,1,"遊園地池尻隼人ICONIC","スペシャル","ターゲット","銅",13,0,0,0,""
183,1,"ユニフォーム十和田良樹ICONIC","スペシャル","ターゲット","銅",13,0,0,0,""
184,1,"ユニフォーム森岳歩ICONIC","スペシャル","ターゲット","銅",13,0,0,0,""
185,1,"ユニフォーム唐松拓巳ICONIC","スペシャル","ターゲット","銅",13,0,0,0,""
186,1,"ユニフォーム田沢裕樹ICONIC","スペシャル","ターゲット","銅",13,0,0,0,""
191,1,"ユニフォーム秋宮昇ICONIC","スペシャル","ターゲット","銅",13,0,0,0,""
201,1,"ユニフォーム照島游児ICONIC","スペシャル","ターゲット","銅",13,0,0,0,""
202,1,"制服照島游児ICONIC","スペシャル","ターゲット","銅",13,0,0,0,""
203,1,"雪遊び照島游児ICONIC","スペシャル","ターゲット","銅",13,0,0,0,""
204,1,"スパイ照島游児ICONIC","スペシャル","ターゲット","銅",13,0,0,0,""
205,1,"妖照島游児ICONIC","スペシャル","ターゲット","銅",13,0,0,0,""
214,1,"ユニフォーム中島猛ICONIC","スペシャル","ターゲット","銅",13,0,0,0,""
215,1,"スパイ中島猛ICONIC","スペシャル","ターゲット","銅",13,0,0,0,""
217,1,"ユニフォーム花山一雅ICONIC","スペシャル","ターゲット","銅",13,0,0,0,""
218,1,"ユニフォーム鳴子哲平ICONIC","スペシャル","ターゲット","銅",13,0,0,0,""
224,1,"ユニフォーム牛島若利ICONIC","スペシャル","ターゲット","銅",13,0,0,0,""
225,1,"水着牛島若利ICONIC","スペシャル","ターゲット","銅",13,0,0,0,""
226,1,"新年牛島若利ICONIC","スペシャル","ターゲット","銅",13,0,0,0,""
227,1,"制服牛島若利ICONIC","スペシャル","ターゲット","銅",13,0,0,0,""
228,1,"文化祭2牛島若利ICONIC","スペシャル","ターゲット","銅",13,0,0,0,""
229,1,"妖牛島若利ICONIC","スペシャル","ターゲット","銅",13,0,0,0,""
230,1,"ハロウィン牛島若利ICONIC","スペシャル","ターゲット","銅",13,0,0,0,""
252,1,"ユニフォーム瀬見英太ICONIC","スペシャル","ターゲット","銅",13,0,0,0,""
253,1,"雪遊び瀬見英太ICONIC","スペシャル","ターゲット","銅",13,0,0,0,""
254,1,"バカンス瀬見英太ICONIC","スペシャル","ターゲット","銅",13,0,0,0,""
258,1,"ユニフォーム強羅昌己ICONIC","スペシャル","ターゲット","銅",13,0,0,0,""
259,1,"ユニフォーム芦谷洋平ICONIC","スペシャル","ターゲット","銅",13,0,0,0,""
260,1,"ユニフォーム仙石伸吾ICONIC","スペシャル","ターゲット","銅",13,0,0,0,""
262,1,"ユニフォーム七沢健吾ICONIC","スペシャル","ターゲット","銅",13,0,0,0,""
263,1,"ユニフォーム伊勢原裕次ICONIC","スペシャル","ターゲット","銅",13,0,0,0,""
264,1,"ユニフォーム湯河浩二ICONIC","スペシャル","ターゲット","銅",13,0,0,0,""
265,1,"ユニフォーム千鹿谷栄吉ICONIC","スペシャル","ターゲット","銅",13,0,0,0,""
268,1,"ユニフォーム児玉勝ICONIC","スペシャル","ターゲット","銅",13,0,0,0,""
269,1,"ユニフォーム名栗翔太ICONIC","スペシャル","ターゲット","銅",13,0,0,0,""
270,1,"ユニフォーム島府典明ICONIC","スペシャル","ターゲット","銅",13,0,0,0,""
271,1,"ユニフォーム吉川和孝ICONIC","スペシャル","ターゲット","銅",13,0,0,0,""
272,1,"ユニフォーム宮侑ICONIC","スペシャル","ターゲット","銅",13,0,0,0,""
273,1,"文化祭宮侑ICONIC","スペシャル","ターゲット","銅",13,0,0,0,""
274,1,"RPG宮侑ICONIC","スペシャル","ターゲット","銅",13,0,0,0,""
275,1,"カンフー宮侑ICONIC","スペシャル","ターゲット","銅",13,0,0,0,""
277,1,"サバゲ2宮侑ICONIC","スペシャル","ターゲット","銅",13,0,0,0,""
278,1,"ユニフォーム宮治ICONIC","スペシャル","ターゲット","銅",13,0,0,0,""
279,1,"RPG宮治ICONIC","スペシャル","ターゲット","銅",13,0,0,0,""
280,1,"カンフー宮治ICONIC","スペシャル","ターゲット","銅",13,0,0,0,""
281,1,"遊園地宮治ICONIC","スペシャル","ターゲット","銅",13,0,0,0,""
282,1,"夏祭り2宮治ICONIC","スペシャル","ターゲット","銅",13,0,0,0,""
283,1,"ユニフォーム角名倫太郎ICONIC","スペシャル","ターゲット","銅",13,0,0,0,""
284,1,"サバゲ角名倫太郎ICONIC","スペシャル","ターゲット","銅",13,0,0,0,""
285,1,"花火角名倫太郎ICONIC","スペシャル","ターゲット","銅",13,0,0,0,""
286,1,"路地裏2角名倫太郎ICONIC","スペシャル","ターゲット","銅",13,0,0,0,""
287,1,"水着2角名倫太郎ICONIC","スペシャル","ターゲット","銅",13,0,0,0,""
288,1,"ユニフォーム北信介ICONIC","スペシャル","ターゲット","銅",13,0,0,0,""
289,1,"Xmas北信介ICONIC","スペシャル","ターゲット","銅",13,0,0,0,""
290,1,"スパイ北信介ICONIC","スペシャル","ターゲット","銅",13,0,0,0,""
291,1,"新年2北信介ICONIC","スペシャル","ターゲット","銅",13,0,0,0,""
292,1,"職業体験2北信介ICONIC","スペシャル","ターゲット","銅",13,0,0,0,""
293,1,"制服北信介ICONIC","スペシャル","ターゲット","銅",13,0,0,0,""
294,1,"ユニフォーム尾白アランICONIC","スペシャル","ターゲット","銅",13,0,0,0,""
295,1,"雪遊び尾白アランICONIC","スペシャル","ターゲット","銅",13,0,0,0,""
296,1,"夏祭り2尾白アランICONIC","スペシャル","ターゲット","銅",13,0,0,0,""
299,1,"ユニフォーム大耳練ICONIC","スペシャル","ターゲット","銅",13,0,0,0,""
300,1,"ユニフォーム理石平介ICONIC","スペシャル","ターゲット","銅",13,0,0,0,""
301,1,"ユニフォーム銀島結ICONIC","スペシャル","ターゲット","銅",13,0,0,0,""
302,1,"Xmas2銀島結ICONIC","スペシャル","ターゲット","銅",13,0,0,0,""
303,1,"ユニフォーム木兎光太郎ICONIC","スペシャル","ターゲット","銅",13,0,0,0,""
304,1,"夏祭り木兎光太郎ICONIC","スペシャル","ターゲット","銅",13,0,0,0,""
305,1,"Xmas木兎光太郎ICONIC","スペシャル","ターゲット","銅",13,0,0,0,""
306,1,"制服木兎光太郎ICONIC","スペシャル","ターゲット","銅",13,0,0,0,""
307,1,"キャンプ木兎光太郎ICONIC","スペシャル","ターゲット","銅",13,0,0,0,""
308,1,"2周年木兎光太郎ICONIC","スペシャル","ターゲット","銅",13,0,0,0,""
309,1,"焼き芋木兎光太郎ICONIC","スペシャル","ターゲット","銅",13,0,0,0,""
310,1,"ユニフォーム木葉秋紀ICONIC","スペシャル","ターゲット","銅",13,0,0,0,""
311,1,"探偵木葉秋紀ICONIC","スペシャル","ターゲット","銅",13,0,0,0,""
312,1,"梅雨木葉秋紀ICONIC","スペシャル","ターゲット","銅",13,0,0,0,""
313,1,"路地裏2木葉秋紀ICONIC","スペシャル","ターゲット","銅",13,0,0,0,""
314,1,"水着2木葉秋紀ICONIC","スペシャル","ターゲット","銅",13,0,0,0,""
320,1,"ユニフォーム鷲尾辰生ICONIC","スペシャル","ターゲット","銅",13,0,0,0,""
321,1,"ハロウィン鷲尾辰生ICONIC","スペシャル","ターゲット","銅",13,0,0,0,""
322,1,"ユニフォーム赤葦京治ICONIC","スペシャル","ターゲット","銅",13,0,0,0,""
324,1,"制服赤葦京治ICONIC","スペシャル","ターゲット","銅",13,0,0,0,""
326,1,"仮装赤葦京治ICONIC","スペシャル","ターゲット","銅",13,0,0,0,""
329,1,"ユニフォーム姫川葵ICONIC","スペシャル","ターゲット","銅",13,0,0,0,""
330,1,"花火姫川葵ICONIC","スペシャル","ターゲット","銅",13,0,0,0,""
331,1,"ユニフォーム当間義友ICONIC","スペシャル","ターゲット","銅",13,0,0,0,""
332,1,"ユニフォーム越後栄ICONIC","スペシャル","ターゲット","銅",13,0,0,0,""
334,1,"ユニフォーム丸山一喜ICONIC","スペシャル","ターゲット","銅",13,0,0,0,""
336,1,"ユニフォーム寺泊基希ICONIC","スペシャル","ターゲット","銅",13,0,0,0,""
337,1,"ユニフォーム星海光来ICONIC","スペシャル","ターゲット","銅",13,0,0,0,""
338,1,"文化祭星海光来ICONIC","スペシャル","ターゲット","銅",13,0,0,0,""
339,1,"サバゲ星海光来ICONIC","スペシャル","ターゲット","銅",13,0,0,0,""
340,1,"花火星海光来ICONIC","スペシャル","ターゲット","銅",13,0,0,0,""
341,1,"新年2星海光来ICONIC","スペシャル","ターゲット","銅",13,0,0,0,""
345,1,"ユニフォーム佐久早聖臣ICONIC","スペシャル","ターゲット","銅",13,0,0,0,""
346,1,"サバゲ佐久早聖臣ICONIC","スペシャル","ターゲット","銅",13,0,0,0,""
347,1,"新年2佐久早聖臣ICONIC","スペシャル","ターゲット","銅",13,0,0,0,""
351,1,"ユニフォーム大将優ICONIC","スペシャル","ターゲット","銅",13,0,0,0,""
354,1,"妖大将優ICONIC","スペシャル","ターゲット","銅",13,0,0,0,""
355,1,"ユニフォーム沼井和馬ICONIC","スペシャル","ターゲット","銅",13,0,0,0,""
356,1,"ユニフォーム潜尚保ICONIC","スペシャル","ターゲット","銅",13,0,0,0,""
357,1,"バーガー潜尚保ICONIC","スペシャル","ターゲット","銅",13,0,0,0,""
358,1,"ユニフォーム高千穂恵也ICONIC","スペシャル","ターゲット","銅",13,0,0,0,""
359,1,"ユニフォーム広尾倖児ICONIC","スペシャル","ターゲット","銅",13,0,0,0,""
360,1,"カンフー広尾倖児ICONIC","スペシャル","ターゲット","銅",13,0,0,0,""
361,1,"ユニフォーム先島伊澄ICONIC","スペシャル","ターゲット","銅",13,0,0,0,""
362,1,"ユニフォーム背黒晃彦ICONIC","スペシャル","ターゲット","銅",13,0,0,0,""
364,1,"ユニフォーム白峰周ICONIC","スペシャル","ターゲット","銅",13,0,0,0,""
365,1,"ユニフォーム和倉久彦ICONIC","スペシャル","ターゲット","銅",13,0,0,0,""
366,1,"ユニフォーム金沢伊織ICONIC","スペシャル","ターゲット","銅",13,0,0,0,""
367,1,"ユニフォーム志賀智也ICONIC","スペシャル","ターゲット","銅",13,0,0,0,""
369,1,"ユニフォーム深谷謙朗ICONIC","スペシャル","ターゲット","銅",13,0,0,0,""
9,1,"ユニフォーム影山飛雄ICONIC","スペシャル","ターゲット","銅",29,0,0,0,""
10,1,"制服影山飛雄ICONIC","スペシャル","ターゲット","銅",29,0,0,0,""
11,1,"夏祭り影山飛雄ICONIC","スペシャル","ターゲット","銅",29,0,0,0,""
13,1,"1周年影山飛雄ICONIC","スペシャル","ターゲット","銅",29,0,0,0,""
14,1,"王冠影山飛雄ICONIC","スペシャル","ターゲット","銅",29,0,0,0,""
16,1,"2周年影山飛雄ICONIC","スペシャル","ターゲット","銅",29,0,0,0,""
17,1,"中学生影山飛雄ICONIC","スペシャル","ターゲット","銅",29,0,0,0,""
19,1,"ユニフォーム月島蛍ICONIC","スペシャル","ターゲット","銅",29,0,0,0,""
21,1,"職業体験月島蛍ICONIC","スペシャル","ターゲット","銅",29,0,0,0,""
20,1,"水着月島蛍ICONIC","スペシャル","ターゲット","銅",29,0,0,0,""
22,1,"1周年月島蛍ICONIC","スペシャル","ターゲット","銅",29,0,0,0,""
23,1,"花火月島蛍ICONIC","スペシャル","ターゲット","銅",29,0,0,0,""
24,1,"ジャージ月島蛍ICONIC","スペシャル","ターゲット","銅",29,0,0,0,""
25,1,"2周年月島蛍ICONIC","スペシャル","ターゲット","銅",29,0,0,0,""
26,1,"アート2月島蛍ICONIC","スペシャル","ターゲット","銅",29,0,0,0,""
27,1,"焼き芋月島蛍ICONIC","スペシャル","ターゲット","銅",30,0,0,0,""
28,1,"ユニフォーム山口忠ICONIC","スペシャル","ターゲット","銅",24,0,0,0,""
29,1,"水着山口忠ICONIC","スペシャル","ターゲット","銅",24,0,0,0,""
30,1,"雪遊び山口忠ICONIC","スペシャル","ターゲット","銅",24,0,0,0,""
31,1,"スパイ山口忠ICONIC","スペシャル","ターゲット","銅",24,0,0,0,""
32,1,"ジャージ山口忠ICONIC","スペシャル","ターゲット","銅",24,0,0,0,""
33,1,"焼き芋山口忠ICONIC","スペシャル","ターゲット","銅",24,0,0,0,""
41,1,"ユニフォーム田中龍之介ICONIC","スペシャル","ターゲット","銅",29,0,0,0,""
42,1,"制服田中龍之介ICONIC","スペシャル","ターゲット","銅",29,0,0,0,""
43,1,"新年田中龍之介ICONIC","スペシャル","ターゲット","銅",29,0,0,0,""
44,1,"RPG田中龍之介ICONIC","スペシャル","ターゲット","銅",29,0,0,0,""
45,1,"仮装田中龍之介ICONIC","スペシャル","ターゲット","銅",29,0,0,0,""
46,1,"ユニフォーム澤村大地ICONIC","スペシャル","ターゲット","銅",29,0,0,0,""
47,1,"プール掃除澤村大地ICONIC","スペシャル","ターゲット","銅",29,0,0,0,""
48,1,"文化祭澤村大地ICONIC","スペシャル","ターゲット","銅",29,0,0,0,""
49,1,"RPG澤村大地ICONIC","スペシャル","ターゲット","銅",29,0,0,0,""
50,1,"新年2澤村大地ICONIC","スペシャル","ターゲット","銅",29,0,0,0,""
51,1,"ユニフォーム菅原考支ICONIC","スペシャル","ターゲット","銅",29,0,0,0,""
52,1,"プール掃除菅原考支ICONIC","スペシャル","ターゲット","銅",29,0,0,0,""
53,1,"文化祭菅原考支ICONIC","スペシャル","ターゲット","銅",29,0,0,0,""
54,1,"梅雨菅原考支ICONIC","スペシャル","ターゲット","銅",29,0,0,0,""
55,1,"Xmas2菅原考支ICONIC","スペシャル","ターゲット","銅",29,0,0,0,""
56,1,"夏祭り2菅原考支ICONIC","スペシャル","ターゲット","銅",29,0,0,0,""
57,1,"ユニフォーム東峰旭ICONIC","スペシャル","ターゲット","銅",29,0,0,0,""
58,1,"プール掃除東峰旭ICONIC","スペシャル","ターゲット","銅",27,0,0,0,""
59,1,"サバゲ東峰旭ICONIC","スペシャル","ターゲット","銅",29,0,0,0,""
60,1,"夏祭り2東峰旭ICONIC","スペシャル","ターゲット","銅",31,0,0,0,""
61,1,"ユニフォーム東峰旭YELL","スペシャル","ターゲット","銅",29,0,0,0,""
62,1,"ユニフォーム縁下力ICONIC","スペシャル","ターゲット","銅",29,0,0,0,""
63,1,"探偵縁下力ICONIC","スペシャル","ターゲット","銅",29,0,0,0,""
64,1,"RPG縁下力ICONIC","スペシャル","ターゲット","銅",29,0,0,0,""
65,1,"花火縁下力ICONIC","スペシャル","ターゲット","銅",29,0,0,0,""
66,1,"ユニフォーム木下久志ICONIC","スペシャル","ターゲット","銅",21,0,0,0,""
67,1,"妖木下久志ICONIC","スペシャル","ターゲット","銅",21,0,0,0,""
68,1,"ユニフォーム成田一仁ICONIC","スペシャル","ターゲット","銅",29,0,0,0,""
69,1,"ユニフォーム孤爪研磨ICONIC","スペシャル","ターゲット","銅",29,0,0,0,""
70,1,"制服孤爪研磨ICONIC","スペシャル","ターゲット","銅",29,0,0,0,""
73,1,"スパイ孤爪研磨ICONIC","スペシャル","ターゲット","銅",29,0,0,0,""
75,1,"中学生孤爪研磨ICONIC","スペシャル","ターゲット","銅",29,0,0,0,""
76,1,"ハロウィン孤爪研磨ICONIC","スペシャル","ターゲット","銅",29,0,0,0,""
77,1,"ユニフォーム黒尾鉄朗ICONIC","スペシャル","ターゲット","銅",9,0,0,0,""
78,1,"制服黒尾鉄朗ICONIC","スペシャル","ターゲット","銅",9,0,0,0,""
79,1,"夏祭り黒尾鉄朗ICONIC","スペシャル","ターゲット","銅",9,0,0,0,""
80,1,"1周年黒尾鉄朗ICONIC","スペシャル","ターゲット","銅",9,0,0,0,""
81,1,"キャンプ黒尾鉄朗ICONIC","スペシャル","ターゲット","銅",9,0,0,0,""
82,1,"文化祭2黒尾鉄朗ICONIC","スペシャル","ターゲット","銅",9,0,0,0,""
83,1,"中学生黒尾鉄朗ICONIC","スペシャル","ターゲット","銅",9,0,0,0,""
84,1,"ハロウィン黒尾鉄朗ICONIC","スペシャル","ターゲット","銅",9,0,0,0,""
85,1,"ユニフォーム灰羽リエーフICONIC","スペシャル","ターゲット","銅",12,0,0,0,""
86,1,"探偵灰羽リエーフICONIC","スペシャル","ターゲット","銅",12,0,0,0,""
87,1,"路地裏灰羽リエーフICONIC","スペシャル","ターゲット","銅",12,0,0,0,""
88,1,"文化祭2灰羽リエーフICONIC","スペシャル","ターゲット","銅",12,0,0,0,""
89,1,"サバゲ2灰羽リエーフICONIC","スペシャル","ターゲット","銅",12,0,0,0,""
95,1,"ユニフォーム福永招平ICONIC","スペシャル","ターゲット","銅",32,0,0,0,""
96,1,"バーガー福永招平ICONIC","スペシャル","ターゲット","銅",32,0,0,0,""
97,1,"アート2福永招平ICONIC","スペシャル","ターゲット","銅",32,0,0,0,""
98,1,"ユニフォーム犬岡走ICONIC","スペシャル","ターゲット","銅",32,0,0,0,""
99,1,"新年犬岡走ICONIC","スペシャル","ターゲット","銅",32,0,0,0,""
100,1,"ユニフォーム山本猛虎ICONIC","スペシャル","ターゲット","銅",32,0,0,0,""
101,1,"新年山本猛虎ICONIC","スペシャル","ターゲット","銅",32,0,0,0,""
104,1,"ユニフォーム海信之ICONIC","スペシャル","ターゲット","銅",12,0,0,0,""
105,1,"遊園地海信之ICONIC","スペシャル","ターゲット","銅",12,0,0,0,""
106,1,"ユニフォーム海信之YELL","スペシャル","ターゲット","銅",12,0,0,0,""
108,1,"ユニフォーム青根高伸ICONIC","スペシャル","ターゲット","銅",32,0,0,0,""
109,1,"制服青根高伸ICONIC","スペシャル","ターゲット","銅",32,0,0,0,""
110,1,"プール掃除青根高伸ICONIC","スペシャル","ターゲット","銅",32,0,0,0,""
111,1,"キャンプ青根高伸ICONIC","スペシャル","ターゲット","銅",32,0,0,0,""
112,1,"甲冑青根高伸ICONIC","スペシャル","ターゲット","銅",32,0,0,0,""
113,1,"ユニフォーム二口堅治ICONIC","スペシャル","ターゲット","銅",32,0,0,0,""
114,1,"制服二口堅治ICONIC","スペシャル","ターゲット","銅",32,0,0,0,""
115,1,"プール掃除二口堅治ICONIC","スペシャル","ターゲット","銅",32,0,0,0,""
116,1,"路地裏二口堅治ICONIC","スペシャル","ターゲット","銅",32,0,0,0,""
117,1,"甲冑二口堅治ICONIC","スペシャル","ターゲット","銅",32,0,0,0,""
118,1,"2周年二口堅治ICONIC","スペシャル","ターゲット","銅",32,0,0,0,""
119,1,"アート2二口堅治ICONIC","スペシャル","ターゲット","銅",32,0,0,0,""
120,1,"ユニフォーム黄金川貫至ICONIC","スペシャル","ターゲット","銅",12,0,0,0,""
121,1,"制服黄金川貫至ICONIC","スペシャル","ターゲット","銅",12,0,0,0,""
122,1,"職業体験黄金川貫至ICONIC","スペシャル","ターゲット","銅",12,0,0,0,""
123,1,"スパイ黄金川貫至ICONIC","スペシャル","ターゲット","銅",12,0,0,0,""
125,1,"ユニフォーム小原豊ICONIC","スペシャル","ターゲット","銅",11,0,0,0,""
126,1,"ユニフォーム女川太郎ICONIC","スペシャル","ターゲット","銅",12,0,0,0,""
127,1,"水着2女川太郎ICONIC","スペシャル","ターゲット","銅",12,0,0,0,""
130,1,"ユニフォーム吹上仁悟ICONIC","スペシャル","ターゲット","銅",14,0,0,0,""
163,1,"ユニフォーム松川一静ICONIC","スペシャル","ターゲット","銅",14,0,0,0,""
164,1,"アート松川一静ICONIC","スペシャル","ターゲット","銅",14,0,0,0,""
165,1,"バカンス松川一静ICONIC","スペシャル","ターゲット","銅",14,0,0,0,""
166,1,"焼き芋松川一静ICONIC","スペシャル","ターゲット","銅",14,0,0,0,""
174,1,"ユニフォーム駒木輝ICONIC","スペシャル","ターゲット","銅",12,0,0,0,""
175,1,"ユニフォーム茶屋和馬ICONIC","スペシャル","ターゲット","銅",12,0,0,0,""
176,1,"ユニフォーム玉川弘樹ICONIC","スペシャル","ターゲット","銅",12,0,0,0,""
187,1,"ユニフォーム子安颯真ICONIC","スペシャル","ターゲット","銅",14,0,0,0,""
188,1,"サバゲ2子安颯真ICONIC","スペシャル","ターゲット","銅",14,0,0,0,""
190,1,"ユニフォーム夏瀬伊吹ICONIC","スペシャル","ターゲット","銅",14,0,0,0,""
192,1,"ユニフォーム古牧譲ICONIC","スペシャル","ターゲット","銅",14,0,0,0,""
194,1,"ユニフォーム浅虫快人ICONIC","スペシャル","ターゲット","銅",14,0,0,0,""
196,1,"ユニフォーム湯川良明ICONIC","スペシャル","ターゲット","銅",14,0,0,0,""
197,1,"ユニフォーム稲垣功ICONIC","スペシャル","ターゲット","銅",14,0,0,0,""
198,1,"ユニフォーム馬門英治ICONIC","スペシャル","ターゲット","銅",14,0,0,0,""
199,1,"ユニフォーム百沢雄大ICONIC","スペシャル","ターゲット","銅",12,0,0,0,""
200,1,"職業体験百沢雄大ICONIC","スペシャル","ターゲット","銅",12,0,0,0,""
206,1,"ユニフォーム母畑和馬ICONIC","スペシャル","ターゲット","銅",14,0,0,0,""
207,1,"アート2母畑和馬ICONIC","スペシャル","ターゲット","銅",14,0,0,0,""
208,1,"ユニフォーム二岐丈晴ICONIC","スペシャル","ターゲット","銅",14,0,0,0,""
209,1,"制服二岐丈晴ICONIC","スペシャル","ターゲット","銅",14,0,0,0,""
210,1,"ユニフォーム沼尻凛太郎ICONIC","スペシャル","ターゲット","銅",14,0,0,0,""
211,1,"ユニフォーム飯坂信義ICONIC","スペシャル","ターゲット","銅",14,0,0,0,""
212,1,"ユニフォーム東山勝道ICONIC","スペシャル","ターゲット","銅",14,0,0,0,""
216,1,"ユニフォーム白石優希ICONIC","スペシャル","ターゲット","銅",12,0,0,0,""
220,1,"ユニフォーム松島剛ICONIC","スペシャル","ターゲット","銅",12,0,0,0,""
221,1,"妖松島剛ICONIC","スペシャル","ターゲット","銅",12,0,0,0,""
222,1,"ユニフォーム川渡瞬己ICONIC","スペシャル","ターゲット","銅",14,0,0,0,""
223,1,"サバゲ2川渡瞬己ICONIC","スペシャル","ターゲット","銅",14,0,0,0,""
231,1,"ユニフォーム天童覚ICONIC","スペシャル","ターゲット","銅",12,0,0,0,""
232,1,"水着天童覚ICONIC","スペシャル","ターゲット","銅",12,0,0,0,""
233,1,"文化祭天童覚ICONIC","スペシャル","ターゲット","銅",12,0,0,0,""
234,1,"制服天童覚ICONIC","スペシャル","ターゲット","銅",12,0,0,0,""
235,1,"仮装天童覚ICONIC","スペシャル","ターゲット","銅",12,0,0,0,""
236,1,"遊園地天童覚ICONIC","スペシャル","ターゲット","銅",12,0,0,0,""
237,1,"ユニフォーム五色工ICONIC","スペシャル","ターゲット","銅",14,0,0,0,""
238,1,"職業体験五色工ICONIC","スペシャル","ターゲット","銅",14,0,0,0,""
239,1,"制服五色工ICONIC","スペシャル","ターゲット","銅",14,0,0,0,""
240,1,"バカンス五色工ICONIC","スペシャル","ターゲット","銅",14,0,0,0,""
241,1,"Xmas2五色工ICONIC","スペシャル","ターゲット","銅",14,0,0,0,""
242,1,"サバゲ2五色工ICONIC","スペシャル","ターゲット","銅",14,0,0,0,""
243,1,"ユニフォーム白布賢二郎ICONIC","スペシャル","ターゲット","銅",14,0,0,0,""
245,1,"制服白布賢二郎ICONIC","スペシャル","ターゲット","銅",14,0,0,0,""
247,1,"路地裏2白布賢二郎ICONIC","スペシャル","ターゲット","銅",14,0,0,0,""
248,1,"文化祭3白布賢二郎ICONIC","スペシャル","ターゲット","銅",14,0,0,0,""
249,1,"ユニフォーム大平獅音ICONIC","スペシャル","ターゲット","銅",14,0,0,0,""
250,1,"ユニフォーム川西太一ICONIC","スペシャル","ターゲット","銅",14,0,0,0,""
251,1,"路地裏川西太一ICONIC","スペシャル","ターゲット","銅",14,0,0,0,""
315,1,"ユニフォーム猿杙大和ICONIC","スペシャル","ターゲット","銅",12,0,0,0,""
316,1,"ハロウィン猿杙大和ICONIC","スペシャル","ターゲット","銅",12,0,0,0,""
319,1,"ユニフォーム尾長渉ICONIC","スペシャル","ターゲット","銅",12,0,0,0,""
335,1,"ユニフォーム舞子侑志ICONIC","スペシャル","ターゲット","銅",8,0,0,0,""
342,1,"ユニフォーム昼神幸郎ICONIC","スペシャル","ターゲット","銅",12,0,0,0,""
343,1,"Xmas昼神幸郎ICONIC","スペシャル","ターゲット","銅",12,0,0,0,""
344,1,"職業体験2昼神幸郎ICONIC","スペシャル","ターゲット","銅",12,0,0,0,""
352,1,"新年大将優ICONIC","スペシャル","ターゲット","銅",14,0,0,0,""
353,1,"カンフー大将優ICONIC","スペシャル","ターゲット","銅",14,0,0,0,""
17,2,"中学生影山飛雄ICONIC","スペシャル","攻撃増加","銀",26,0,0,0,""
25,2,"2周年月島蛍ICONIC","スペシャル","守備増加","銀",29,0,0,0,""
27,2,"焼き芋月島蛍ICONIC","スペシャル","パッシブ確率減少","金",32,0,0,0,""
28,2,"ユニフォーム山口忠ICONIC","スペシャル","攻撃増加","銅",29,0,0,0,""
29,2,"水着山口忠ICONIC","スペシャル","攻撃増加","銅",29,0,0,0,""
30,2,"雪遊び山口忠ICONIC","スペシャル","攻撃増加","銅",29,0,0,0,""
31,2,"スパイ山口忠ICONIC","スペシャル","攻撃増加","銀",30,0,0,0,""
32,2,"ジャージ山口忠ICONIC","スペシャル","攻撃増加","銅",29,0,0,0,""
33,2,"焼き芋山口忠ICONIC","スペシャル","パッシブ確率減少","銀",30,0,0,0,""
40,2,"ハロウィン西谷夕ICONIC","スペシャル","守備増加","銀",29,0,0,0,""
45,2,"仮装田中龍之介ICONIC","スペシャル","攻撃増加","銅",29,0,0,0,""
46,2,"ユニフォーム澤村大地ICONIC","スペシャル","誘導","銅",29,0,0,0,""
47,2,"プール掃除澤村大地ICONIC","スペシャル","誘導","銅",29,0,0,0,""
48,2,"文化祭澤村大地ICONIC","スペシャル","誘導","銅",29,0,0,0,""
49,2,"RPG澤村大地ICONIC","スペシャル","誘導","銅",29,0,0,0,""
50,2,"新年2澤村大地ICONIC","スペシャル","誘導","銅",29,0,0,0,""
53,2,"文化祭菅原考支ICONIC","スペシャル","攻撃増加","金",29,0,0,0,""
57,2,"ユニフォーム東峰旭ICONIC","スペシャル","攻撃増加","銅",29,0,0,0,""
58,2,"プール掃除東峰旭ICONIC","スペシャル","攻撃増加","銅",27,0,0,0,""
59,2,"サバゲ東峰旭ICONIC","スペシャル","攻撃増加","銅",29,0,0,0,""
60,2,"夏祭り2東峰旭ICONIC","スペシャル","パッシブ確率減少","銅",31,0,0,0,""
61,2,"ユニフォーム東峰旭YELL","スペシャル","攻撃増加","銅",29,0,0,0,""
76,2,"ハロウィン孤爪研磨ICONIC","スペシャル","パッシブ確率減少","銀",15,0,0,0,""
77,2,"ユニフォーム黒尾鉄朗ICONIC","スペシャル","攻撃減少","銅",9,0,0,0,""
78,2,"制服黒尾鉄朗ICONIC","スペシャル","攻撃減少","銅",9,0,0,0,""
79,2,"夏祭り黒尾鉄朗ICONIC","スペシャル","攻撃減少","銅",9,0,0,0,""
80,2,"1周年黒尾鉄朗ICONIC","スペシャル","攻撃減少","銅",9,0,0,0,""
81,2,"キャンプ黒尾鉄朗ICONIC","スペシャル","攻撃減少","銅",9,0,0,0,""
82,2,"文化祭2黒尾鉄朗ICONIC","スペシャル","攻撃減少","銅",9,0,0,0,""
83,2,"中学生黒尾鉄朗ICONIC","スペシャル","攻撃増加","銀",12,0,0,0,""
84,2,"ハロウィン黒尾鉄朗ICONIC","スペシャル","攻撃減少","銅",9,0,0,0,""
87,2,"路地裏灰羽リエーフICONIC","スペシャル","攻撃増加","金",12,0,0,0,""
89,2,"サバゲ2灰羽リエーフICONIC","スペシャル","攻撃増加","金",12,0,0,0,""
90,2,"ユニフォーム夜久衛輔ICONIC","スペシャル","誘導","金",32,0,0,0,""
91,2,"1周年夜久衛輔ICONIC","スペシャル","誘導","金",32,0,0,0,""
92,2,"花火夜久衛輔ICONIC","スペシャル","誘導","金",32,0,0,0,""
97,2,"アート2福永招平ICONIC","スペシャル","攻撃増加","金",18,0,0,0,""
100,2,"ユニフォーム山本猛虎ICONIC","スペシャル","攻撃減少","銅",32,0,0,0,""
101,2,"新年山本猛虎ICONIC","スペシャル","攻撃減少","銅",32,0,0,0,""
104,2,"ユニフォーム海信之ICONIC","スペシャル","デバフ解除","金",32,0,0,0,""
105,2,"遊園地海信之ICONIC","スペシャル","デバフ解除","金",32,0,0,0,""
106,2,"ユニフォーム海信之YELL","スペシャル","デバフ解除","金",32,0,0,0,""
107,2,"ユニフォーム手白球彦ICONIC","スペシャル","攻撃増加","金",13,0,0,0,""
113,2,"ユニフォーム二口堅治ICONIC","スペシャル","デバフ解除","金",12,0,0,0,""
114,2,"制服二口堅治ICONIC","スペシャル","デバフ解除","金",12,0,0,0,""
115,2,"プール掃除二口堅治ICONIC","スペシャル","デバフ解除","金",12,0,0,0,""
116,2,"路地裏二口堅治ICONIC","スペシャル","攻撃増加","金",12,0,0,0,""
117,2,"甲冑二口堅治ICONIC","スペシャル","攻撃増加","金",12,0,0,0,""
118,2,"2周年二口堅治ICONIC","スペシャル","デバフ解除","金",12,0,0,0,""
119,2,"アート2二口堅治ICONIC","スペシャル","攻撃増加","金",18,0,0,0,""
120,2,"ユニフォーム黄金川貫至ICONIC","スペシャル","攻撃減少","金",12,0,0,0,""
121,2,"制服黄金川貫至ICONIC","スペシャル","攻撃減少","金",12,0,0,0,""
122,2,"職業体験黄金川貫至ICONIC","スペシャル","攻撃減少","金",12,0,0,0,""
124,2,"焼き芋黄金川貫至ICONIC","スペシャル","攻撃減少","銀",15,0,0,0,""
127,2,"水着2女川太郎ICONIC","スペシャル","攻撃増加","銀",12,0,0,0,""
130,2,"ユニフォーム吹上仁悟ICONIC","スペシャル","攻撃増加","金",40,0,0,0,""
135,2,"ユニフォーム及川徹ICONIC","スペシャル","攻撃減少","銅",33,0,0,0,""
136,2,"プール掃除及川徹ICONIC","スペシャル","攻撃減少","銅",33,0,0,0,""
137,2,"Xmas及川徹ICONIC","スペシャル","攻撃減少","銅",33,0,0,0,""
138,2,"制服及川徹ICONIC","スペシャル","攻撃減少","銅",33,0,0,0,""
139,2,"路地裏及川徹ICONIC","スペシャル","攻撃減少","銅",33,0,0,0,""
140,2,"バカンス及川徹ICONIC","スペシャル","スパイカー指定","金",19,0,0,0,""
141,2,"2周年及川徹ICONIC","スペシャル","攻撃減少","銅",33,0,0,0,""
142,2,"夏祭り2及川徹ICONIC","スペシャル","パッシブ確率減少","銀",16,0,0,0,""
148,2,"路地裏2岩泉一ICONIC","スペシャル","攻撃増加","銀",13,0,0,0,""
154,2,"ユニフォーム京谷賢太郎ICONIC","スペシャル","攻撃増加","金",13,0,0,0,""
163,2,"ユニフォーム松川一静ICONIC","スペシャル","攻撃増加","銅",14,0,0,0,""
164,2,"アート松川一静ICONIC","スペシャル","攻撃増加","銅",14,0,0,0,""
165,2,"バカンス松川一静ICONIC","スペシャル","攻撃増加","銅",14,0,0,0,""
166,2,"焼き芋松川一静ICONIC","スペシャル","攻撃増加","銅",14,0,0,0,""
169,2,"バーガー花巻貴大ICONIC","スペシャル","攻撃増加","銅",13,0,0,0,""
171,2,"焼き芋花巻貴大ICONIC","スペシャル","攻撃増加","銅",13,0,0,0,""
178,2,"ユニフォーム芳賀良治ICONIC","スペシャル","攻撃減少","金",13,0,0,0,""
194,2,"ユニフォーム浅虫快人ICONIC","スペシャル","攻撃減少","金",14,0,0,0,""
204,2,"スパイ照島游児ICONIC","スペシャル","攻撃増加","銀",16,0,0,0,""
215,2,"スパイ中島猛ICONIC","スペシャル","攻撃増加","銀",13,0,0,0,""
221,2,"妖松島剛ICONIC","スペシャル","攻撃増加","銀",12,0,0,0,""
227,2,"制服牛島若利ICONIC","スペシャル","攻撃増加","銀",16,0,0,0,""
230,2,"ハロウィン牛島若利ICONIC","スペシャル","守備増加","金",19,0,0,0,""
236,2,"遊園地天童覚ICONIC","スペシャル","守備増加","銀",15,0,0,0,""
237,2,"ユニフォーム五色工ICONIC","スペシャル","デバフ解除","金",14,0,0,0,""
238,2,"職業体験五色工ICONIC","スペシャル","デバフ解除","金",14,0,0,0,""
239,2,"制服五色工ICONIC","スペシャル","攻撃増加","金",17,0,0,0,""
240,2,"バカンス五色工ICONIC","スペシャル","デバフ解除","金",14,0,0,0,""
241,2,"Xmas2五色工ICONIC","スペシャル","デバフ解除","金",14,0,0,0,""
248,2,"文化祭3白布賢二郎ICONIC","スペシャル","攻撃増加","銀",17,0,0,0,""
257,2,"ユニフォーム山形隼人ICONIC","スペシャル","誘導","金",14,0,0,0,""
258,2,"ユニフォーム強羅昌己ICONIC","スペシャル","攻撃増加","金",26,0,0,0,""
260,2,"ユニフォーム仙石伸吾ICONIC","スペシャル","攻撃増加","金",24,0,0,0,""
261,2,"ユニフォーム中川俊美ICONIC","スペシャル","誘導","金",13,0,0,0,""
262,2,"ユニフォーム七沢健吾ICONIC","スペシャル","デバフ解除","金",24,0,0,0,""
267,2,"ユニフォーム赤谷勇ICONIC","スペシャル","誘導","金",9,0,0,0,""
281,2,"遊園地宮治ICONIC","スペシャル","攻撃増加","銀",13,0,0,0,""
282,2,"夏祭り2宮治ICONIC","スペシャル","パッシブ確率減少","銀",13,0,0,0,""
283,2,"ユニフォーム角名倫太郎ICONIC","スペシャル","攻撃減少","銅",26,0,0,0,""
284,2,"サバゲ角名倫太郎ICONIC","スペシャル","攻撃減少","銅",26,0,0,0,""
285,2,"花火角名倫太郎ICONIC","スペシャル","攻撃減少","銅",26,0,0,0,""
286,2,"路地裏2角名倫太郎ICONIC","スペシャル","攻撃減少","銅",26,0,0,0,""
287,2,"水着2角名倫太郎ICONIC","スペシャル","パッシブ確率減少","銅",13,0,0,0,""
289,2,"Xmas北信介ICONIC","スペシャル","攻撃増加","金",13,0,0,0,""
290,2,"スパイ北信介ICONIC","スペシャル","攻撃増加","金",13,0,0,0,""
292,2,"職業体験2北信介ICONIC","スペシャル","攻撃増加","銅",13,0,0,0,""
293,2,"制服北信介ICONIC","スペシャル","攻撃増加","金",13,0,0,0,""
296,2,"夏祭り2尾白アランICONIC","スペシャル","攻撃増加","金",13,0,0,0,""
297,2,"ユニフォーム赤木路成ICONIC","スペシャル","誘導","金",36,0,0,0,""
298,2,"Xmas2赤木路成ICONIC","スペシャル","誘導","金",36,0,0,0,""
300,2,"ユニフォーム理石平介ICONIC","スペシャル","攻撃増加","金",29,0,0,0,""
304,2,"夏祭り木兎光太郎ICONIC","スペシャル","攻撃増加","金",15,0,0,0,""
306,2,"制服木兎光太郎ICONIC","スペシャル","攻撃増加","金",15,0,0,0,""
309,2,"焼き芋木兎光太郎ICONIC","スペシャル","攻撃増加","銀",15,0,0,0,""
313,2,"路地裏2木葉秋紀ICONIC","スペシャル","守備増加","銅",13,0,0,0,""
314,2,"水着2木葉秋紀ICONIC","スペシャル","パッシブ確率減少","銅",13,0,0,0,""
316,2,"ハロウィン猿杙大和ICONIC","スペシャル","攻撃増加","銀",15,0,0,0,""
317,2,"ユニフォーム小見春樹ICONIC","スペシャル","誘導","金",12,0,0,0,""
318,2,"路地裏2小見春樹ICONIC","スペシャル","誘導","金",12,0,0,0,""
321,2,"ハロウィン鷲尾辰生ICONIC","スペシャル","守備増加","銀",16,0,0,0,""
328,2,"焼き芋赤葦京治ICONIC","スペシャル","パッシブ確率減少","銀",14,0,0,0,""
330,2,"花火姫川葵ICONIC","スペシャル","攻撃増加","金",13,0,0,0,""
333,2,"ユニフォーム貝掛亮文ICONIC","スペシャル","誘導","金",13,0,0,0,""
336,2,"ユニフォーム寺泊基希ICONIC","スペシャル","攻撃減少","銅",13,0,0,0,""
337,2,"ユニフォーム星海光来ICONIC","スペシャル","攻撃増加","銅",14,0,0,0,""
338,2,"文化祭星海光来ICONIC","スペシャル","攻撃増加","銅",14,0,0,0,""
339,2,"サバゲ星海光来ICONIC","スペシャル","攻撃増加","銅",14,0,0,0,""
340,2,"花火星海光来ICONIC","スペシャル","攻撃増加","銅",14,0,0,0,""
341,2,"新年2星海光来ICONIC","スペシャル","攻撃増加","銀",17,0,0,0,""
356,2,"ユニフォーム潜尚保ICONIC","スペシャル","デバフ解除","銅",29,0,0,0,""
357,2,"バーガー潜尚保ICONIC","スペシャル","デバフ解除","銅",29,0,0,0,""
358,2,"ユニフォーム高千穂恵也ICONIC","スペシャル","攻撃増加","金",29,0,0,0,""
359,2,"ユニフォーム広尾倖児ICONIC","スペシャル","攻撃減少","金",24,0,0,0,""
360,2,"カンフー広尾倖児ICONIC","スペシャル","攻撃減少","金",24,0,0,0,""
363,2,"ユニフォーム赤間颯ICONIC","スペシャル","誘導","金",13,0,0,0,""
365,2,"ユニフォーム和倉久彦ICONIC","スペシャル","守備増加","金",35,0,0,0,""
366,2,"ユニフォーム金沢伊織ICONIC","スペシャル","攻撃増加","銅",13,0,0,0,""
369,2,"ユニフォーム深谷謙朗ICONIC","スペシャル","デバフ解除","銅",33,0,0,0,""
1,1,"ユニフォーム日向翔陽ICONIC","スペシャル","","",0,0,0,0,""
6,1,"ジャージ日向翔陽ICONIC","スペシャル","","",0,0,0,0,""
7,1,"遊園地日向翔陽ICONIC","スペシャル","守備増加","金",32,0,0,0,""
8,1,"ハロウィン日向翔陽ICONIC","スペシャル","パッシブ確率減少","金",30,0,0,0,""
12,1,"Xmas影山飛雄ICONIC","スペシャル","スパイカー指定","金",29,0,0,0,""
15,1,"ジャージ影山飛雄ICONIC","スペシャル","スパイカー指定","金",29,0,0,0,""
18,1,"文化祭3影山飛雄ICONIC","スペシャル","スパイカー指定","金",30,0,0,0,""
34,1,"ユニフォーム西谷夕ICONIC","スペシャル","誘導","銅",29,0,0,0,""
34,1,"ユニフォーム西谷夕ICONIC","スペシャル","誘導","銅",29,0,0,0,""
40,1,"ハロウィン西谷夕ICONIC","スペシャル","誘導","金",35,0,0,0,""
40,1,"ハロウィン西谷夕ICONIC","スペシャル","誘導","金",35,0,0,0,""
71,1,"夏祭り孤爪研磨ICONIC","スペシャル","スパイカー指定","金",29,0,0,0,""
72,1,"1周年孤爪研磨ICONIC","スペシャル","スパイカー指定","金",29,0,0,0,""
74,1,"Xmas2孤爪研磨ICONIC","スペシャル","スパイカー指定","金",29,0,0,0,""
90,1,"ユニフォーム夜久衛輔ICONIC","スペシャル","誘導","金",32,0,0,0,""
91,1,"1周年夜久衛輔ICONIC","スペシャル","誘導","金",32,0,0,0,""
92,1,"花火夜久衛輔ICONIC","スペシャル","誘導","金",32,0,0,0,""
94,1,"水着2夜久衛輔ICONIC","スペシャル","パッシブ確率減少","銀",15,0,0,0,""
102,1,"ユニフォーム芝山優生ICONIC","スペシャル","誘導","銅",32,0,0,0,""
102,1,"ユニフォーム芝山優生ICONIC","スペシャル","誘導","銅",32,0,0,0,""
124,1,"焼き芋黄金川貫至ICONIC","スペシャル","スパイカー指定","金",18,0,0,0,""
128,1,"ユニフォーム作並浩輔ICONIC","スペシャル","誘導","金",13,0,0,0,""
129,1,"職業体験2作並浩輔ICONIC","スペシャル","誘導","金",13,0,0,0,""
129,1,"職業体験2作並浩輔ICONIC","スペシャル","誘導","金",13,0,0,0,""
137,1,"Xmas及川徹ICONIC","スペシャル","スパイカー指定","金",19,0,0,0,""
140,1,"バカンス及川徹ICONIC","スペシャル","攻撃減少","銅",33,0,0,0,""
142,1,"夏祭り2及川徹ICONIC","スペシャル","スパイカー指定","金",19,0,0,0,""
162,1,"ユニフォーム渡親治ICONIC","スペシャル","誘導","金",13,0,0,0,""
162,1,"ユニフォーム渡親治ICONIC","スペシャル","誘導","金",13,0,0,0,""
177,1,"ユニフォーム桜井大河ICONIC","スペシャル","誘導","金",38,0,0,0,""
177,1,"ユニフォーム桜井大河ICONIC","スペシャル","誘導","金",38,0,0,0,""
189,1,"ユニフォーム横手駿ICONIC","スペシャル","誘導","金",12,0,0,0,""
189,1,"ユニフォーム横手駿ICONIC","スペシャル","誘導","金",12,0,0,0,""
193,1,"雪遊び古牧譲ICONIC","スペシャル","スパイカー指定","金",14,0,0,0,""
195,1,"ユニフォーム南田大志ICONIC","スペシャル","誘導","金",14,0,0,0,""
195,1,"ユニフォーム南田大志ICONIC","スペシャル","誘導","金",14,0,0,0,""
213,1,"ユニフォーム土湯新ICONIC","スペシャル","誘導","金",43,0,0,0,""
213,1,"ユニフォーム土湯新ICONIC","スペシャル","誘導","金",43,0,0,0,""
219,1,"ユニフォーム秋保和光ICONIC","スペシャル","誘導","金",14,0,0,0,""
219,1,"ユニフォーム秋保和光ICONIC","スペシャル","誘導","金",14,0,0,0,""
244,1,"探偵白布賢二郎ICONIC","スペシャル","スパイカー指定","金",14,0,0,0,""
246,1,"バカンス白布賢二郎ICONIC","スペシャル","スパイカー指定","金",14,0,0,0,""
255,1,"アート2瀬見英太ICONIC","スペシャル","スパイカー指定","金",13,0,0,0,""
256,1,"文化祭3瀬見英太ICONIC","スペシャル","スパイカー指定","金",19,0,0,0,""
257,1,"ユニフォーム山形隼人ICONIC","スペシャル","誘導","金",14,0,0,0,""
261,1,"ユニフォーム中川俊美ICONIC","スペシャル","誘導","金",13,0,0,0,""
267,1,"ユニフォーム赤谷勇ICONIC","スペシャル","誘導","金",9,0,0,0,""
276,1,"新年2宮侑ICONIC","スペシャル","スパイカー指定","金",14,0,0,0,""
297,1,"ユニフォーム赤木路成ICONIC","スペシャル","誘導","金",36,0,0,0,""
298,1,"Xmas2赤木路成ICONIC","スペシャル","誘導","金",36,0,0,0,""
317,1,"ユニフォーム小見春樹ICONIC","スペシャル","誘導","金",12,0,0,0,""
318,1,"路地裏2小見春樹ICONIC","スペシャル","誘導","金",12,0,0,0,""
323,1,"夏祭り赤葦京治ICONIC","スペシャル","スパイカー指定","金",13,0,0,0,""
325,1,"バーガー赤葦京治ICONIC","スペシャル","スパイカー指定","金",13,0,0,0,""
327,1,"妖赤葦京治ICONIC","スペシャル","スパイカー指定","金",13,0,0,0,""
328,1,"焼き芋赤葦京治ICONIC","スペシャル","スパイカー指定","金",14,0,0,0,""
333,1,"ユニフォーム貝掛亮文ICONIC","スペシャル","誘導","金",13,0,0,0,""
348,1,"ユニフォーム小森元也ICONIC","スペシャル","デバフ解除","金",32,0,0,0,""
349,1,"キャンプ小森元也ICONIC","スペシャル","デバフ解除","金",32,0,0,0,""
350,1,"ハロウィン小森元也ICONIC","スペシャル","デバフ解除","金",32,0,0,0,""
363,1,"ユニフォーム赤間颯ICONIC","スペシャル","誘導","金",13,0,0,0,""
368,1,"ユニフォーム輪島友和ICONIC","スペシャル","誘導","金",13,0,0,0,""
368,1,"ユニフォーム輪島友和ICONIC","スペシャル","誘導","金",13,0,0,0,""
370,1,"ユニフォーム山代総司ICONIC","スペシャル","","",0,0,0,0,""
46,3,"ユニフォーム澤村大地ICONIC","スペシャル","誘導","銅",29,0,0,0,""
46,4,"ユニフォーム澤村大地ICONIC","スペシャル","攻撃増加","金",29,0,0,0,""
46,5,"ユニフォーム澤村大地ICONIC","スペシャル","デバフ解除","銅",40,0,0,0,""
47,3,"プール掃除澤村大地ICONIC","スペシャル","誘導","銅",29,0,0,0,""
48,3,"文化祭澤村大地ICONIC","スペシャル","誘導","銅",29,0,0,0,""
49,3,"RPG澤村大地ICONIC","スペシャル","誘導","銅",29,0,0,0,""
49,4,"RPG澤村大地ICONIC","スペシャル","攻撃増加","金",29,0,0,0,""
50,3,"新年2澤村大地ICONIC","スペシャル","誘導","銅",29,0,0,0,""
50,4,"新年2澤村大地ICONIC","スペシャル","攻撃増加","金",29,0,0,0,""
84,3,"ハロウィン黒尾鉄朗ICONIC","スペシャル","パッシブ確率減少","金",29,0,0,0,""
136,3,"プール掃除及川徹ICONIC","スペシャル","スパイカー指定","金",19,0,0,0,""
318,3,"路地裏2小見春樹ICONIC","スペシャル","守備増加","銀",10,0,0,0,""
369,3,"ユニフォーム深谷謙朗ICONIC","スペシャル","攻撃増加","銀",16,0,0,0,""
2,1,"制服日向翔陽ICONIC","スペシャル","ブロード","桃",44,5,54,7,""
3,1,"夏祭り日向翔陽ICONIC","スペシャル","攻撃増加","桃",39,0,49,0,""
4,1,"1周年日向翔陽ICONIC","スペシャル","攻撃増加","桃",41,0,51,0,""
5,1,"王冠日向翔陽ICONIC","スペシャル","守備増加","桃",41,0,51,0,""
23,4,"花火月島蛍ICONIC","スペシャル","守備増加","桃",34,0,44,0,""
32,4,"ジャージ山口忠ICONIC","スペシャル","攻撃増加","桃",32,0,42,0,""
32,4,"ジャージ山口忠ICONIC","スペシャル","攻撃増加","桃",32,0,42,0,""
39,1,"2周年西谷夕ICONIC","スペシャル","デバフ解除","桃",40,0,50,0,""
39,1,"2周年西谷夕ICONIC","スペシャル","デバフ解除","桃",40,0,50,0,""
46,6,"ユニフォーム澤村大地ICONIC","スペシャル","デバフ解除","桃",50,0,50,0,""
47,4,"プール掃除澤村大地ICONIC","スペシャル","守備増加","桃",40,0,50,0,""
47,5,"プール掃除澤村大地ICONIC","スペシャル","回復","桃",40,0,50,0,""
48,4,"文化祭澤村大地ICONIC","スペシャル","攻撃増加","桃",40,0,50,0,""
49,5,"RPG澤村大地ICONIC","スペシャル","攻撃/守備増加","桃",36,0,46,0,""
50,5,"新年2澤村大地ICONIC","スペシャル","攻撃増加","桃",37,0,47,0,""
50,6,"新年2澤村大地ICONIC","スペシャル","守備増加","桃",37,0,47,0,""
50,6,"新年2澤村大地ICONIC","スペシャル","守備増加","桃",37,0,47,0,""
81,4,"キャンプ黒尾鉄朗ICONIC","スペシャル","守備増加","桃",41,0,51,0,""
122,4,"職業体験黄金川貫至ICONIC","スペシャル","スパイカー指定","桃",42,0,52,0,""
122,4,"職業体験黄金川貫至ICONIC","スペシャル","スパイカー指定","桃",42,0,52,0,""
215,4,"スパイ中島猛ICONIC","スペシャル","攻撃増加","桃",45,0,55,0,""
215,4,"スパイ中島猛ICONIC","スペシャル","攻撃増加","桃",45,0,55,0,""
266,1,"ユニフォーム小鹿野大樹ICONIC","スペシャル","攻撃増加","桃",42,0,52,0,""
14,3,"王冠影山飛雄ICONIC","スペシャル","攻撃増加","桃",51,0,56,0,""
23,3,"花火月島蛍ICONIC","スペシャル","守備増加","桃",34,0,44,0,""
25,3,"2周年月島蛍ICONIC","スペシャル","攻撃減少","桃",36,0,46,0,""
27,3,"焼き芋月島蛍ICONIC","スペシャル","攻撃/守備増加","桃",48,0,58,0,""
30,3,"雪遊び山口忠ICONIC","スペシャル","攻撃増加","桃",32,0,42,0,""
30,3,"雪遊び山口忠ICONIC","スペシャル","攻撃増加","桃",32,0,42,0,""
31,3,"スパイ山口忠ICONIC","スペシャル","攻撃増加","桃",32,0,42,0,""
31,3,"スパイ山口忠ICONIC","スペシャル","攻撃増加","桃",32,0,42,0,""
32,3,"ジャージ山口忠ICONIC","スペシャル","攻撃増加","桃",32,0,42,0,""
32,3,"ジャージ山口忠ICONIC","スペシャル","攻撃増加","桃",32,0,42,0,""
33,3,"焼き芋山口忠ICONIC","スペシャル","攻撃増加","桃",33,0,43,0,""
33,3,"焼き芋山口忠ICONIC","スペシャル","攻撃増加","桃",33,0,43,0,""
37,3,"バーガー西谷夕ICONIC","スペシャル","デバフ解除","桃",39,0,49,0,""
37,3,"バーガー西谷夕ICONIC","スペシャル","デバフ解除","桃",39,0,49,0,""
38,3,"文化祭2西谷夕ICONIC","スペシャル","守備増加","桃",39,0,49,0,""
38,3,"文化祭2西谷夕ICONIC","スペシャル","守備増加","桃",39,0,49,0,""
45,3,"仮装田中龍之介ICONIC","スペシャル","攻撃/守備減少","桃",34,0,44,0,""
59,3,"サバゲ東峰旭ICONIC","スペシャル","攻撃増加","桃",38,0,48,0,""
63,3,"探偵縁下力ICONIC","スペシャル","デバフ解除","桃",38,0,48,0,""
72,3,"1周年孤爪研磨ICONIC","スペシャル","回復","桃",39,0,49,0,""
76,3,"ハロウィン孤爪研磨ICONIC","スペシャル","スパイカー指定","桃",41,0,51,0,""
76,3,"ハロウィン孤爪研磨ICONIC","スペシャル","スパイカー指定","桃",41,0,51,0,""
76,3,"ハロウィン孤爪研磨ICONIC","スペシャル","スパイカー指定","桃",41,0,51,0,""
77,3,"ユニフォーム黒尾鉄朗ICONIC","スペシャル","攻撃減少","桃",44,0,54,0,""
82,3,"文化祭2黒尾鉄朗ICONIC","スペシャル","攻撃減少","桃",42,0,52,0,""
83,3,"中学生黒尾鉄朗ICONIC","スペシャル","攻撃/守備増加","桃",43,0,53,0,""
92,3,"花火夜久衛輔ICONIC","スペシャル","守備増加","桃",44,0,54,0,""
92,3,"花火夜久衛輔ICONIC","スペシャル","守備増加","桃",44,0,54,0,""
97,3,"アート2福永招平ICONIC","スペシャル","攻撃増加","桃",43,0,53,0,""
97,3,"アート2福永招平ICONIC","スペシャル","攻撃増加","桃",43,0,53,0,""
101,3,"新年山本猛虎ICONIC","スペシャル","守備増加","桃",45,0,55,0,""
105,3,"遊園地海信之ICONIC","スペシャル","攻撃減少","桃",42,0,52,0,""
117,3,"甲冑二口堅治ICONIC","スペシャル","攻撃増加","桃",40,0,50,0,""
117,3,"甲冑二口堅治ICONIC","スペシャル","攻撃増加","桃",40,0,50,0,""
117,3,"甲冑二口堅治ICONIC","スペシャル","攻撃増加","桃",40,0,50,0,""
118,3,"2周年二口堅治ICONIC","スペシャル","攻撃増加","桃",40,0,50,0,""
118,3,"2周年二口堅治ICONIC","スペシャル","攻撃増加","桃",40,0,50,0,""
118,3,"2周年二口堅治ICONIC","スペシャル","攻撃増加","桃",40,0,50,0,""
119,3,"アート2二口堅治ICONIC","スペシャル","守備増加","桃",40,0,50,0,""
119,3,"アート2二口堅治ICONIC","スペシャル","守備増加","桃",40,0,50,0,""
120,3,"ユニフォーム黄金川貫至ICONIC","スペシャル","スパイカー指定","桃",42,0,53,0,""
120,3,"ユニフォーム黄金川貫至ICONIC","スペシャル","スパイカー指定","桃",42,0,53,0,""
121,3,"制服黄金川貫至ICONIC","スペシャル","スパイカー指定","桃",42,0,52,0,""
121,3,"制服黄金川貫至ICONIC","スペシャル","スパイカー指定","桃",42,0,52,0,""
122,3,"職業体験黄金川貫至ICONIC","スペシャル","守備増加","桃",42,0,52,0,""
124,3,"焼き芋黄金川貫至ICONIC","スペシャル","守備増加","桃",42,0,52,0,""
135,3,"ユニフォーム及川徹ICONIC","スペシャル","回復","桃",48,0,58,0,""
135,3,"ユニフォーム及川徹ICONIC","スペシャル","回復","桃",48,0,58,0,""
137,3,"Xmas及川徹ICONIC","スペシャル","攻撃/守備増加","桃",48,0,58,0,""
138,3,"制服及川徹ICONIC","スペシャル","回復","桃",48,0,58,0,""
138,3,"制服及川徹ICONIC","スペシャル","回復","桃",48,0,58,0,""
139,3,"路地裏及川徹ICONIC","スペシャル","攻撃増加","桃",49,0,59,0,""
140,3,"バカンス及川徹ICONIC","スペシャル","攻撃増加","桃",48,0,58,0,""
140,3,"バカンス及川徹ICONIC","スペシャル","攻撃増加","桃",48,0,58,0,""
141,3,"2周年及川徹ICONIC","スペシャル","攻撃/守備増加","桃",48,0,58,0,""
141,3,"2周年及川徹ICONIC","スペシャル","攻撃/守備増加","桃",48,0,58,0,""
142,3,"夏祭り2及川徹ICONIC","スペシャル","スパイカー指定","桃",49,0,59,0,""
142,3,"夏祭り2及川徹ICONIC","スペシャル","スパイカー指定","桃",49,0,59,0,""
148,3,"路地裏2岩泉一ICONIC","スペシャル","攻撃増加","桃",45,0,55,0,""
148,3,"路地裏2岩泉一ICONIC","スペシャル","攻撃増加","桃",45,0,55,0,""
160,3,"カンフー国見英ICONIC","スペシャル","攻撃増加","桃",41,0,51,0,""
163,3,"ユニフォーム松川一静ICONIC","スペシャル","攻撃減少","桃",49,0,59,0,""
164,3,"アート松川一静ICONIC","スペシャル","攻撃減少","桃",49,0,59,0,""
165,3,"バカンス松川一静ICONIC","スペシャル","攻撃減少","桃",46,0,56,0,""
171,3,"焼き芋花巻貴大ICONIC","スペシャル","攻撃/守備増加","桃",46,0,56,0,""
193,3,"雪遊び古牧譲ICONIC","スペシャル","攻撃増加","桃",46,0,56,0,""
204,3,"スパイ照島游児ICONIC","スペシャル","攻撃/守備増加","桃",48,0,58,0,""
204,3,"スパイ照島游児ICONIC","スペシャル","攻撃/守備増加","桃",48,0,58,0,""
214,3,"ユニフォーム中島猛ICONIC","スペシャル","デバフ解除","桃",48,0,58,0,""
215,3,"スパイ中島猛ICONIC","スペシャル","デバフ解除","桃",45,0,55,0,""
227,3,"制服牛島若利ICONIC","スペシャル","攻撃減少","桃",48,0,58,0,""
239,3,"制服五色工ICONIC","スペシャル","攻撃/守備増加","桃",46,0,56,0,""
240,3,"バカンス五色工ICONIC","スペシャル","攻撃/守備増加","桃",46,0,56,0,""
241,3,"Xmas2五色工ICONIC","スペシャル","攻撃/守備増加","桃",46,0,56,0,""
255,3,"アート2瀬見英太ICONIC","スペシャル","攻撃/守備増加","桃",46,0,56,0,""
281,3,"遊園地宮治ICONIC","スペシャル","攻撃増加","桃",47,0,57,0,""
281,3,"遊園地宮治ICONIC","スペシャル","攻撃増加","桃",47,0,57,0,""
285,3,"花火角名倫太郎ICONIC","スペシャル","守備減少","桃",44,0,54,0,""
286,3,"路地裏2角名倫太郎ICONIC","スペシャル","攻撃増加","桃",44,0,54,0,""
286,3,"路地裏2角名倫太郎ICONIC","スペシャル","攻撃増加","桃",44,0,54,0,""
287,3,"水着2角名倫太郎ICONIC","スペシャル","攻撃/守備減少","桃",44,0,54,0,""
290,3,"スパイ北信介ICONIC","スペシャル","攻撃増加","桃",44,0,54,0,""
290,3,"スパイ北信介ICONIC","スペシャル","攻撃増加","桃",44,0,54,0,""
292,3,"職業体験2北信介ICONIC","スペシャル","攻撃増加","桃",44,0,54,0,""
303,3,"ユニフォーム木兎光太郎ICONIC","スペシャル","回復","桃",51,0,61,0,""
306,3,"制服木兎光太郎ICONIC","スペシャル","攻撃減少","桃",48,0,58,0,""
309,3,"焼き芋木兎光太郎ICONIC","スペシャル","攻撃増加","桃",49,0,59,0,""
309,3,"焼き芋木兎光太郎ICONIC","スペシャル","攻撃増加","桃",49,0,59,0,""
326,3,"仮装赤葦京治ICONIC","スペシャル","攻撃増加","桃",47,0,57,0,""
326,3,"仮装赤葦京治ICONIC","スペシャル","攻撃増加","桃",47,0,57,0,""
328,3,"焼き芋赤葦京治ICONIC","スペシャル","攻撃増加","桃",48,0,58,0,""
328,3,"焼き芋赤葦京治ICONIC","スペシャル","攻撃増加","桃",48,0,58,0,""
337,3,"ユニフォーム星海光来ICONIC","スペシャル","攻撃減少","桃",51,0,61,0,""
339,3,"サバゲ星海光来ICONIC","スペシャル","守備増加","桃",48,0,58,0,""
340,3,"花火星海光来ICONIC","スペシャル","守備増加","桃",48,0,58,0,""
341,3,"新年2星海光来ICONIC","スペシャル","攻撃/守備増加","桃",48,0,58,0,""
341,3,"新年2星海光来ICONIC","スペシャル","攻撃/守備増加","桃",48,0,58,0,""
360,3,"カンフー広尾倖児ICONIC","スペシャル","攻撃減少","桃",42,0,52,0,""
364,3,"ユニフォーム白峰周ICONIC","スペシャル","守備減少","桃",16,0,56,0,""
364,3,"ユニフォーム白峰周ICONIC","スペシャル","守備減少","桃",16,0,56,0,""
366,3,"ユニフォーム金沢伊織ICONIC","スペシャル","デバフ解除","桃",41,0,51,0,""
366,3,"ユニフォーム金沢伊織ICONIC","スペシャル","デバフ解除","桃",41,0,51,0,""
12,2,"Xmas影山飛雄ICONIC","スペシャル","デバフ解除","桃",51,0,56,0,""
13,2,"1周年影山飛雄ICONIC","スペシャル","攻撃増加","桃",51,0,58,0,""
14,2,"王冠影山飛雄ICONIC","スペシャル","攻撃増加","桃",51,0,56,0,""
14,2,"王冠影山飛雄ICONIC","スペシャル","攻撃増加","桃",51,0,56,0,""
16,2,"2周年影山飛雄ICONIC","スペシャル","攻撃増加","桃",48,0,58,0,""
19,2,"ユニフォーム月島蛍ICONIC","スペシャル","攻撃減少","桃",39,0,49,0,""
21,2,"職業体験月島蛍ICONIC","スペシャル","攻撃減少","桃",37,0,47,0,""
23,2,"花火月島蛍ICONIC","スペシャル","攻撃増加","桃",34,0,44,0,""
24,2,"ジャージ月島蛍ICONIC","スペシャル","攻撃増加","桃",36,0,46,0,""
26,2,"アート2月島蛍ICONIC","スペシャル","守備増加","桃",36,0,46,0,""
26,2,"アート2月島蛍ICONIC","スペシャル","守備増加","桃",36,0,46,0,""
42,2,"制服田中龍之介ICONIC","スペシャル","攻撃減少","桃",37,0,45,0,""
43,2,"新年田中龍之介ICONIC","スペシャル","攻撃増加","桃",34,0,42,0,""
44,2,"RPG田中龍之介ICONIC","スペシャル","攻撃減少","桃",34,0,42,0,""
52,2,"プール掃除菅原考支ICONIC","スペシャル","デバフ解除","桃",37,0,47,0,""
55,2,"Xmas2菅原考支ICONIC","スペシャル","攻撃増加","桃",35,0,45,0,""
62,2,"ユニフォーム縁下力ICONIC","スペシャル","デバフ解除","桃",42,0,52,0,""
63,2,"探偵縁下力ICONIC","スペシャル","攻撃増加","桃",38,0,48,0,""
64,2,"RPG縁下力ICONIC","スペシャル","デバフ解除","桃",39,0,49,0,""
65,2,"花火縁下力ICONIC","スペシャル","攻撃増加","桃",40,0,50,0,""
67,2,"妖木下久志ICONIC","スペシャル","攻撃増加","桃",32,0,42,0,""
67,2,"妖木下久志ICONIC","スペシャル","攻撃増加","桃",32,0,42,0,""
72,2,"1周年孤爪研磨ICONIC","スペシャル","デバフ解除","桃",39,0,49,0,""
73,2,"スパイ孤爪研磨ICONIC","スペシャル","守備減少","桃",39,0,49,0,""
73,2,"スパイ孤爪研磨ICONIC","スペシャル","守備減少","桃",39,0,49,0,""
74,2,"Xmas2孤爪研磨ICONIC","スペシャル","守備減少","桃",39,0,49,0,""
74,2,"Xmas2孤爪研磨ICONIC","スペシャル","守備減少","桃",39,0,49,0,""
75,2,"中学生孤爪研磨ICONIC","スペシャル","攻撃/守備増加","桃",39,0,49,0,""
93,2,"2周年夜久衛輔ICONIC","スペシャル","守備増加","桃",45,0,55,0,""
93,2,"2周年夜久衛輔ICONIC","スペシャル","守備増加","桃",45,0,55,0,""
110,2,"プール掃除青根高伸ICONIC","スペシャル","守備減少","桃",43,0,53,0,""
111,2,"キャンプ青根高伸ICONIC","スペシャル","攻撃増加","桃",48,0,58,0,""
112,2,"甲冑青根高伸ICONIC","スペシャル","守備増加","桃",40,0,50,0,""
123,2,"スパイ黄金川貫至ICONIC","スペシャル","スパイカー指定","桃",42,0,52,0,""
123,2,"スパイ黄金川貫至ICONIC","スペシャル","スパイカー指定","桃",42,0,52,0,""
131,2,"ユニフォーム茂庭要ICONIC","スペシャル","回復","桃",43,0,53,0,""
131,2,"ユニフォーム茂庭要ICONIC","スペシャル","回復","桃",43,0,53,0,""
133,2,"甲冑鎌先靖志ICONIC","スペシャル","攻撃/守備減少","桃",43,0,53,0,""
143,2,"ユニフォーム岩泉一ICONIC","スペシャル","守備増加","桃",47,0,57,0,""
144,2,"プール掃除岩泉一ICONIC","スペシャル","攻撃減少","桃",47,0,57,0,""
145,2,"制服岩泉一ICONIC","スペシャル","守備増加","桃",43,0,53,0,""
146,2,"サバゲ岩泉一ICONIC","スペシャル","守備増加","桃",43,0,53,0,""
147,2,"バカンス岩泉一ICONIC","スペシャル","守備増加","桃",44,0,54,0,""
149,2,"夏祭り2岩泉一ICONIC","スペシャル","守備増加","桃",45,0,55,0,""
149,2,"夏祭り2岩泉一ICONIC","スペシャル","守備増加","桃",45,0,55,0,""
150,2,"ユニフォーム金田一勇太郎ICONIC","スペシャル","攻撃減少","桃",43,0,53,0,""
152,2,"カンフー金田一勇太郎ICONIC","スペシャル","攻撃減少","桃",40,0,50,0,""
153,2,"中学生金田一勇太郎ICONIC","スペシャル","攻撃減少","桃",40,0,50,0,""
153,2,"中学生金田一勇太郎ICONIC","スペシャル","攻撃減少","桃",40,0,50,0,""
155,2,"梅雨京谷賢太郎ICONIC","スペシャル","攻撃増加","桃",46,0,56,0,""
156,2,"水着2京谷賢太郎ICONIC","スペシャル","攻撃増加","桃",46,0,56,0,""
159,2,"路地裏国見英ICONIC","スペシャル","守備増加","桃",41,0,51,0,""
160,2,"カンフー国見英ICONIC","スペシャル","攻撃増加","桃",41,0,51,0,""
173,2,"キャンプ矢巾秀ICONIC","スペシャル","攻撃増加","桃",46,0,56,0,""
181,2,"文化祭2池尻隼人ICONIC","スペシャル","攻撃/守備減少","桃",42,0,52,0,""
182,2,"遊園地池尻隼人ICONIC","スペシャル","攻撃/守備増加","桃",42,0,52,0,""
182,2,"遊園地池尻隼人ICONIC","スペシャル","攻撃/守備増加","桃",42,0,52,0,""
188,2,"サバゲ2子安颯真ICONIC","スペシャル","攻撃/守備減少","桃",42,0,52,0,""
190,2,"ユニフォーム夏瀬伊吹ICONIC","スペシャル","デバフ解除","桃",44,0,54,0,""
191,2,"ユニフォーム秋宮昇ICONIC","スペシャル","攻撃増加","桃",43,0,53,0,""
192,2,"ユニフォーム古牧譲ICONIC","スペシャル","デバフ解除","桃",49,0,59,0,""
193,2,"雪遊び古牧譲ICONIC","スペシャル","攻撃減少","桃",46,0,56,0,""
195,2,"ユニフォーム南田大志ICONIC","スペシャル","攻撃減少","桃",44,0,54,0,""
201,2,"ユニフォーム照島游児ICONIC","スペシャル","攻撃減少","桃",51,0,61,0,""
203,2,"雪遊び照島游児ICONIC","スペシャル","攻撃増加","桃",48,0,58,0,""
205,2,"妖照島游児ICONIC","スペシャル","攻撃減少","桃",48,0,58,0,""
205,2,"妖照島游児ICONIC","スペシャル","攻撃減少","桃",48,0,58,0,""
210,2,"ユニフォーム沼尻凛太郎ICONIC","スペシャル","デバフ解除","桃",45,0,55,0,""
214,2,"ユニフォーム中島猛ICONIC","スペシャル","攻撃増加","桃",48,0,58,0,""
222,2,"ユニフォーム川渡瞬己ICONIC","スペシャル","攻撃減少","桃",47,0,57,0,""
223,2,"サバゲ2川渡瞬己ICONIC","スペシャル","攻撃減少","桃",47,0,57,0,""
225,2,"水着牛島若利ICONIC","スペシャル","回復","桃",51,0,61,0,""
226,2,"新年牛島若利ICONIC","スペシャル","攻撃減少","桃",48,0,58,0,""
228,2,"文化祭2牛島若利ICONIC","スペシャル","攻撃増加","桃",48,0,58,0,""
228,2,"文化祭2牛島若利ICONIC","スペシャル","攻撃増加","桃",48,0,58,0,""
229,2,"妖牛島若利ICONIC","スペシャル","攻撃増加","桃",48,0,58,0,""
229,2,"妖牛島若利ICONIC","スペシャル","攻撃増加","桃",48,0,58,0,""
231,2,"ユニフォーム天童覚ICONIC","スペシャル","攻撃減少","桃",48,0,58,0,""
233,2,"文化祭天童覚ICONIC","スペシャル","回復","桃",48,0,58,0,""
234,2,"制服天童覚ICONIC","スペシャル","守備減少","桃",45,0,55,0,""
235,2,"仮装天童覚ICONIC","スペシャル","攻撃増加","桃",46,0,56,0,""
235,2,"仮装天童覚ICONIC","スペシャル","攻撃増加","桃",46,0,56,0,""
242,2,"サバゲ2五色工ICONIC","スペシャル","攻撃/守備増加","桃",46,0,56,0,""
244,2,"探偵白布賢二郎ICONIC","スペシャル","守備減少","桃",49,0,59,0,""
246,2,"バカンス白布賢二郎ICONIC","スペシャル","攻撃/守備増加","桃",46,0,56,0,""
246,2,"バカンス白布賢二郎ICONIC","スペシャル","攻撃/守備増加","桃",46,0,56,0,""
254,2,"バカンス瀬見英太ICONIC","スペシャル","攻撃/守備増加","桃",46,0,56,0,""
266,2,"ユニフォーム小鹿野大樹ICONIC","スペシャル","回復","桃",42,0,52,0,""
266,2,"ユニフォーム小鹿野大樹ICONIC","スペシャル","回復","桃",42,0,52,0,""
273,2,"文化祭宮侑ICONIC","スペシャル","攻撃増加","桃",50,0,60,0,""
274,2,"RPG宮侑ICONIC","スペシャル","攻撃増加","桃",50,0,60,0,""
275,2,"カンフー宮侑ICONIC","スペシャル","攻撃増加","桃",50,0,60,0,""
276,2,"新年2宮侑ICONIC","スペシャル","攻撃増加","桃",50,0,60,0,""
276,2,"新年2宮侑ICONIC","スペシャル","攻撃増加","桃",50,0,60,0,""
279,2,"RPG宮治ICONIC","スペシャル","攻撃増加","桃",49,0,59,0,""
280,2,"カンフー宮治ICONIC","スペシャル","攻撃減少","桃",47,0,57,0,""
288,2,"ユニフォーム北信介ICONIC","スペシャル","デバフ解除","桃",47,0,57,0,""
291,2,"新年2北信介ICONIC","スペシャル","守備増加","桃",44,0,54,0,""
303,2,"ユニフォーム木兎光太郎ICONIC","スペシャル","回復","桃",51,0,61,0,""
305,2,"Xmas木兎光太郎ICONIC","スペシャル","攻撃減少","桃",48,0,58,0,""
307,2,"キャンプ木兎光太郎ICONIC","スペシャル","攻撃増加","桃",48,0,58,0,""
307,2,"キャンプ木兎光太郎ICONIC","スペシャル","攻撃増加","桃",48,0,58,0,""
308,2,"2周年木兎光太郎ICONIC","スペシャル","回復","桃",48,0,58,0,""
322,2,"ユニフォーム赤葦京治ICONIC","スペシャル","攻撃増加","桃",50,0,60,0,""
325,2,"バーガー赤葦京治ICONIC","スペシャル","攻撃減少","桃",47,0,57,0,""
326,2,"仮装赤葦京治ICONIC","スペシャル","デバフ解除","桃",47,0,57,0,""
329,2,"ユニフォーム姫川葵ICONIC","スペシャル","攻撃増加","桃",44,0,54,0,""
332,2,"ユニフォーム越後栄ICONIC","スペシャル","回復","桃",45,0,55,0,""
343,2,"Xmas昼神幸郎ICONIC","スペシャル","守備増加","桃",48,0,58,0,""
344,2,"職業体験2昼神幸郎ICONIC","スペシャル","守備増加","桃",48,0,58,0,""
345,2,"ユニフォーム佐久早聖臣ICONIC","スペシャル","攻撃減少","桃",51,0,61,0,""
347,2,"新年2佐久早聖臣ICONIC","スペシャル","攻撃減少","桃",48,0,58,0,""
351,2,"ユニフォーム大将優ICONIC","スペシャル","攻撃減少","桃",44,0,54,0,""
353,2,"カンフー大将優ICONIC","スペシャル","攻撃増加","桃",46,0,56,0,""
354,2,"妖大将優ICONIC","スペシャル","守備減少","桃",46,0,56,0,""
355,2,"ユニフォーム沼井和馬ICONIC","スペシャル","デバフ解除","桃",47,0,57,0,""
364,2,"ユニフォーム白峰周ICONIC","スペシャル","攻撃増加","桃",46,0,56,0,""
364,2,"ユニフォーム白峰周ICONIC","スペシャル","攻撃増加","桃",46,0,56,0,""
8,2,"ハロウィン日向翔陽ICONIC","スペシャル","守備増加","桃",42,0,0,0,"西━━西谷先輩!!"
18,2,"文化祭3影山飛雄ICONIC","スペシャル","スパイカー指定","桃",52,0,62,0,"…スパイカーの前の壁を切り開く……その為のセッターだ"
18,2,"文化祭3影山飛雄ICONIC","スペシャル","スパイカー指定","桃",52,0,62,0,"…スパイカーの前の壁を切り開く……その為のセッターだ"
18,3,"文化祭3影山飛雄ICONIC","スペシャル","攻撃増加","桃",52,0,62,0,"俺が居ればお前は最強だ!(影山ver)"
35,1,"制服西谷夕ICONIC","スペシャル","誘導","桃",31,0,49,0,"俺はリベロだ!!守備の要でチームの要だ!!"
35,2,"制服西谷夕ICONIC","スペシャル","誘導","桃",31,0,49,0,"俺はリベロだ!!守備の要でチームの要だ!!"
36,1,"Xmas西谷夕ICONIC","スペシャル","バックアタック","桃",39,5,49,7,"リベロのトスからエースのバックアタック!!!"
36,2,"Xmas西谷夕ICONIC","スペシャル","誘導","桃",39,0,49,0,"俺はリベロだ!!守備の要でチームの要だ!!"
36,3,"Xmas西谷夕ICONIC","スペシャル","誘導","桃",39,0,49,0,"俺はリベロだ!!守備の要でチームの要だ!!"
37,1,"バーガー西谷夕ICONIC","スペシャル","誘導","桃",39,0,49,0,"俺はリベロだ!!守備の要でチームの要だ!!"
37,2,"バーガー西谷夕ICONIC","スペシャル","誘導","桃",39,0,49,0,"俺はリベロだ!!守備の要でチームの要だ!!"
38,1,"文化祭2西谷夕ICONIC","スペシャル","誘導","桃",39,0,49,0,"俺はリベロだ!!守備の要でチームの要だ!!"
38,2,"文化祭2西谷夕ICONIC","スペシャル","誘導","桃",39,0,49,0,"俺はリベロだ!!守備の要でチームの要だ!!"
39,2,"2周年西谷夕ICONIC","スペシャル","誘導","桃",50,0,50,0,"3本下さい"
39,2,"2周年西谷夕ICONIC","スペシャル","誘導","桃",50,0,50,0,"3本下さい"
40,3,"ハロウィン西谷夕ICONIC","スペシャル","攻撃/守備増加","桃",41,0,51,0,"""先輩”だからな!!"
81,3,"キャンプ黒尾鉄朗ICONIC","スペシャル","守備減少","桃",41,0,51,0,"ブロック練習した方が良いんじゃない？"
84,4,"ハロウィン黒尾鉄朗ICONIC","スペシャル","守備減少","桃",43,0,53,0,"ブロック練習した方が良いんじゃない？"
93,1,"2周年夜久衛輔ICONIC","スペシャル","誘導","桃",45,0,55,0,"冷静にスパイクのコースを読む"
93,1,"2周年夜久衛輔ICONIC","スペシャル","誘導","桃",45,0,55,0,"冷静にスパイクのコースを読む"
94,2,"水着2夜久衛輔ICONIC","スペシャル","誘導","桃",45,0,55,0,"冷静にスパイクのコースを読む"
94,2,"水着2夜久衛輔ICONIC","スペシャル","誘導","桃",45,0,55,0,"冷静にスパイクのコースを読む"
103,1,"焼き芋芝山優生ICONIC","スペシャル","誘導","桃",45,0,55,0,"次代を担う重圧と闘うルーキー"
103,1,"焼き芋芝山優生ICONIC","スペシャル","誘導","桃",45,0,55,0,"次代を担う重圧と闘うルーキー"
248,3,"文化祭3白布賢二郎ICONIC","スペシャル","攻撃/守備増加","桃",47,0,57,0,"誰よりも目立たないセッターに俺は成る"
248,3,"文化祭3白布賢二郎ICONIC","スペシャル","攻撃/守備増加","桃",47,0,57,0,"誰よりも目立たないセッターに俺は成る"
253,2,"雪遊び瀬見英太ICONIC","スペシャル","攻撃増加","桃",46,0,56,0,"サービスエースとってね!"
253,2,"雪遊び瀬見英太ICONIC","スペシャル","攻撃増加","桃",46,0,56,0,"サービスエースとってね!"
255,2,"アート2瀬見英太ICONIC","スペシャル","攻撃増加","桃",46,0,56,0,"サービスエースとってね!"
255,2,"アート2瀬見英太ICONIC","スペシャル","攻撃増加","桃",46,0,56,0,"サービスエースとってね!"
256,2,"文化祭3瀬見英太ICONIC","スペシャル","攻撃増加","桃",47,0,57,0,"サービスエースとってね!"
256,2,"文化祭3瀬見英太ICONIC","スペシャル","攻撃増加","桃",47,0,57,0,"サービスエースとってね!"
256,3,"文化祭3瀬見英太ICONIC","スペシャル","攻撃/守備減少","桃",47,0,57,0,"粉々に〜〜砕け♪何をっ?♪"
293,3,"制服北信介ICONIC","スペシャル","攻撃/守備増加","桃",44,0,54,0,"百戦錬磨みたいな雰囲気"
293,3,"制服北信介ICONIC","スペシャル","攻撃/守備増加","桃",44,0,54,0,"百戦錬磨みたいな雰囲気"
348,2,"ユニフォーム小森元也ICONIC","スペシャル","誘導","桃",47,0,57,0,"まあまあ最初だし?"
348,2,"ユニフォーム小森元也ICONIC","スペシャル","誘導","桃",47,0,57,0,"まあまあ最初だし?"
349,2,"キャンプ小森元也ICONIC","スペシャル","誘導","桃",47,0,57,0,"まあまあ最初だし?"
349,2,"キャンプ小森元也ICONIC","スペシャル","誘導","桃",47,0,57,0,"まあまあ最初だし?"
350,2,"ハロウィン小森元也ICONIC","スペシャル","誘導","桃",47,0,57,0,"まあまあ最初だし?"
350,2,"ハロウィン小森元也ICONIC","スペシャル","誘導","桃",47,0,57,0,"まあまあ最初だし?"
