No,eda,No用,大分類,属性,色,パワー,補正,強化,強化補正,オートアクティブ,その他補正項目,その他補正値,スキル名
104,1,"ユニフォーム芝山優生ICONIC","トス","オープン","銅",25,0,0,0,"","","",""
105,1,"焼き芋芝山優生ICONIC","トス","オープン","銅",25,0,0,0,"","","",""
110,1,"ユニフォーム青根高伸ICONIC","トス","オープン","銅",25,0,0,0,"","","",""
111,1,"制服青根高伸ICONIC","トス","オープン","銅",25,0,0,0,"","","",""
112,1,"プール掃除青根高伸ICONIC","トス","オープン","銅",25,0,0,0,"","","",""
113,1,"キャンプ青根高伸ICONIC","トス","オープン","銅",25,0,0,0,"","","",""
114,1,"甲冑青根高伸ICONIC","トス","オープン","銅",25,0,0,0,"","","",""
115,1,"Xmas3青根高伸ICONIC","トス","オープン","銅",25,0,0,0,"","","",""
133,1,"ユニフォーム吹上仁悟ICONIC","トス","オープン","銅",25,0,0,0,"","","",""
135,1,"ユニフォーム鎌先靖志ICONIC","トス","オープン","銅",25,0,0,0,"","","",""
136,1,"甲冑鎌先靖志ICONIC","トス","オープン","銅",25,0,0,0,"","","",""
160,1,"ユニフォーム国見英ICONIC","トス","オープン","銅",25,0,0,0,"","","",""
161,1,"職業体験国見英ICONIC","トス","オープン","銅",25,0,0,0,"","","",""
162,1,"路地裏国見英ICONIC","トス","オープン","銅",25,0,0,0,"","","",""
163,1,"カンフー国見英ICONIC","トス","オープン","銅",25,0,0,0,"","","",""
166,1,"ユニフォーム松川一静ICONIC","トス","オープン","銅",25,0,0,0,"","","",""
167,1,"アート松川一静ICONIC","トス","オープン","銅",25,0,0,0,"","","",""
168,1,"バカンス松川一静ICONIC","トス","オープン","銅",25,0,0,0,"","","",""
169,1,"焼き芋松川一静ICONIC","トス","オープン","銅",25,0,0,0,"","","",""
183,1,"ユニフォーム池尻隼人ICONIC","トス","オープン","銅",25,0,0,0,"","","",""
184,1,"文化祭2池尻隼人ICONIC","トス","オープン","銅",25,0,0,0,"","","",""
185,1,"遊園地池尻隼人ICONIC","トス","オープン","銅",25,0,0,0,"","","",""
186,1,"ユニフォーム十和田良樹ICONIC","トス","オープン","銅",25,0,0,0,"","","",""
188,1,"ユニフォーム唐松拓巳ICONIC","トス","オープン","銅",25,0,0,0,"","","",""
189,1,"ユニフォーム田沢裕樹ICONIC","トス","オープン","銅",25,0,0,0,"","","",""
190,1,"ユニフォーム子安颯真ICONIC","トス","オープン","銅",25,0,0,0,"","","",""
191,1,"サバゲ2子安颯真ICONIC","トス","オープン","銅",25,0,0,0,"","","",""
192,1,"ユニフォーム横手駿ICONIC","トス","オープン","銅",25,0,0,0,"","","",""
199,1,"ユニフォーム湯川良明ICONIC","トス","オープン","銅",25,0,0,0,"","","",""
201,1,"ユニフォーム馬門英治ICONIC","トス","オープン","銅",25,0,0,0,"","","",""
204,1,"ユニフォーム照島游児ICONIC","トス","オープン","銅",25,0,0,0,"","","",""
205,1,"制服照島游児ICONIC","トス","オープン","銅",25,0,0,0,"","","",""
206,1,"雪遊び照島游児ICONIC","トス","オープン","銅",25,0,0,0,"","","",""
207,1,"スパイ照島游児ICONIC","トス","オープン","銅",25,0,0,0,"","","",""
208,1,"妖照島游児ICONIC","トス","オープン","銅",25,0,0,0,"","","",""
209,1,"ユニフォーム母畑和馬ICONIC","トス","オープン","銅",25,0,0,0,"","","",""
210,1,"アート2母畑和馬ICONIC","トス","オープン","銅",25,0,0,0,"","","",""
214,1,"ユニフォーム飯坂信義ICONIC","トス","オープン","銅",25,0,0,0,"","","",""
227,1,"ユニフォーム牛島若利ICONIC","トス","オープン","銅",25,0,0,0,"","","",""
228,1,"水着牛島若利ICONIC","トス","オープン","銅",25,0,0,0,"","","",""
229,1,"新年牛島若利ICONIC","トス","オープン","銅",25,0,0,0,"","","",""
230,1,"制服牛島若利ICONIC","トス","オープン","銅",25,0,0,0,"","","",""
231,1,"文化祭2牛島若利ICONIC","トス","オープン","銅",25,0,0,0,"","","",""
232,1,"妖牛島若利ICONIC","トス","オープン","銅",25,0,0,0,"","","",""
233,1,"ハロウィン牛島若利ICONIC","トス","オープン","銅",25,0,0,0,"","","",""
234,1,"ユニフォーム天童覚ICONIC","トス","オープン","銅",25,0,0,0,"","","",""
235,1,"水着天童覚ICONIC","トス","オープン","銅",25,0,0,0,"","","",""
236,1,"文化祭天童覚ICONIC","トス","オープン","銅",25,0,0,0,"","","",""
238,1,"仮装天童覚ICONIC","トス","オープン","銅",25,0,0,0,"","","",""
239,1,"遊園地天童覚ICONIC","トス","オープン","銅",25,0,0,0,"","","",""
267,1,"ユニフォーム湯河浩二ICONIC","トス","オープン","銅",25,0,0,0,"","","",""
268,1,"ユニフォーム千鹿谷栄吉ICONIC","トス","オープン","銅",25,0,0,0,"","","",""
274,1,"ユニフォーム吉川和孝ICONIC","トス","オープン","銅",25,0,0,0,"","","",""
282,1,"ユニフォーム宮治ICONIC","トス","オープン","銅",25,0,0,0,"","","",""
285,1,"遊園地宮治ICONIC","トス","オープン","銅",25,0,0,0,"","","",""
286,1,"夏祭り2宮治ICONIC","トス","オープン","銅",25,0,0,0,"","","",""
288,1,"ユニフォーム角名倫太郎ICONIC","トス","オープン","銅",25,0,0,0,"","","",""
289,1,"サバゲ角名倫太郎ICONIC","トス","オープン","銅",25,0,0,0,"","","",""
290,1,"花火角名倫太郎ICONIC","トス","オープン","銅",25,0,0,0,"","","",""
291,1,"路地裏2角名倫太郎ICONIC","トス","オープン","銅",25,0,0,0,"","","",""
292,1,"水着2角名倫太郎ICONIC","トス","オープン","銅",25,0,0,0,"","","",""
293,1,"制服角名倫太郎ICONIC","トス","オープン","銅",25,0,0,0,"","","",""
307,1,"ユニフォーム銀島結ICONIC","トス","オープン","銅",25,0,0,0,"","","",""
308,1,"Xmas2銀島結ICONIC","トス","オープン","銅",25,0,0,0,"","","",""
309,1,"ユニフォーム木兎光太郎ICONIC","トス","オープン","銅",25,0,0,0,"","","",""
310,1,"夏祭り木兎光太郎ICONIC","トス","オープン","銅",25,0,0,0,"","","",""
311,1,"Xmas木兎光太郎ICONIC","トス","オープン","銅",25,0,0,0,"","","",""
312,1,"制服木兎光太郎ICONIC","トス","オープン","銅",25,0,0,0,"","","",""
313,1,"キャンプ木兎光太郎ICONIC","トス","オープン","銅",25,0,0,0,"","","",""
314,1,"2周年木兎光太郎ICONIC","トス","オープン","銅",25,0,0,0,"","","",""
315,1,"焼き芋木兎光太郎ICONIC","トス","オープン","銅",25,0,0,0,"","","",""
321,1,"ユニフォーム猿杙大和ICONIC","トス","オープン","銅",25,0,0,0,"","","",""
322,1,"ハロウィン猿杙大和ICONIC","トス","オープン","銅",25,0,0,0,"","","",""
323,1,"ユニフォーム小見春樹ICONIC","トス","オープン","銅",25,0,0,0,"","","",""
324,1,"路地裏2小見春樹ICONIC","トス","オープン","銅",25,0,0,0,"","","",""
336,1,"ユニフォーム姫川葵ICONIC","トス","オープン","銅",25,0,0,0,"","","",""
337,1,"花火姫川葵ICONIC","トス","オープン","銅",25,0,0,0,"","","",""
343,1,"ユニフォーム寺泊基希ICONIC","トス","オープン","銅",25,0,0,0,"","","",""
349,1,"ユニフォーム昼神幸郎ICONIC","トス","オープン","銅",25,0,0,0,"","","",""
350,1,"Xmas昼神幸郎ICONIC","トス","オープン","銅",25,0,0,0,"","","",""
351,1,"職業体験2昼神幸郎ICONIC","トス","オープン","銅",25,0,0,0,"","","",""
363,1,"ユニフォーム潜尚保ICONIC","トス","オープン","銅",25,0,0,0,"","","",""
364,1,"バーガー潜尚保ICONIC","トス","オープン","銅",25,0,0,0,"","","",""
376,1,"ユニフォーム深谷謙朗ICONIC","トス","オープン","銅",25,0,0,0,"","","",""
1,1,"ユニフォーム日向翔陽ICONIC","トス","オープン","銅",20,0,0,0,"","","",""
2,1,"制服日向翔陽ICONIC","トス","オープン","銅",20,0,0,0,"","","",""
3,1,"夏祭り日向翔陽ICONIC","トス","オープン","銅",20,0,0,0,"","","",""
5,1,"王冠日向翔陽ICONIC","トス","オープン","銅",20,0,0,0,"","","",""
6,1,"ジャージ日向翔陽ICONIC","トス","オープン","銅",20,0,0,0,"","","",""
7,1,"遊園地日向翔陽ICONIC","トス","オープン","銅",20,0,0,0,"","","",""
8,1,"ハロウィン日向翔陽ICONIC","トス","オープン","銅",20,0,0,0,"","","",""
9,1,"ユニフォーム影山飛雄ICONIC","トス","オープン","銅",31,0,0,0,"","","",""
10,1,"制服影山飛雄ICONIC","トス","オープン","銅",31,0,0,0,"","","",""
11,1,"夏祭り影山飛雄ICONIC","トス","オープン","銅",31,0,0,0,"","","",""
12,1,"Xmas影山飛雄ICONIC","トス","オープン","銅",31,0,0,0,"","","",""
13,1,"1周年影山飛雄ICONIC","トス","オープン","銅",31,0,0,0,"","","",""
14,1,"王冠影山飛雄ICONIC","トス","オープン","銅",31,0,0,0,"","","",""
15,1,"ジャージ影山飛雄ICONIC","トス","オープン","銅",31,0,0,0,"","","",""
16,1,"2周年影山飛雄ICONIC","トス","オープン","銅",31,0,0,0,"","","",""
17,1,"中学生影山飛雄ICONIC","トス","オープン","銅",31,0,0,0,"","","",""
18,1,"文化祭3影山飛雄ICONIC","トス","オープン","銅",32,0,0,0,"","","",""
19,1,"ユニフォーム月島蛍ICONIC","トス","オープン","銅",22,0,0,0,"","","",""
20,1,"水着月島蛍ICONIC","トス","オープン","銅",22,0,0,0,"","","",""
21,1,"職業体験月島蛍ICONIC","トス","オープン","銅",22,0,0,0,"","","",""
22,1,"1周年月島蛍ICONIC","トス","オープン","銅",22,0,0,0,"","","",""
23,1,"花火月島蛍ICONIC","トス","オープン","銅",22,0,0,0,"","","",""
25,1,"2周年月島蛍ICONIC","トス","オープン","銅",22,0,0,0,"","","",""
26,1,"アート2月島蛍ICONIC","トス","オープン","銅",22,0,0,0,"","","",""
27,1,"焼き芋月島蛍ICONIC","トス","オープン","銅",23,0,0,0,"","","",""
28,1,"ユニフォーム山口忠ICONIC","トス","オープン","銅",21,0,0,0,"","","",""
29,1,"水着山口忠ICONIC","トス","オープン","銅",21,0,0,0,"","","",""
30,1,"雪遊び山口忠ICONIC","トス","オープン","銅",19,0,0,0,"","","",""
31,1,"スパイ山口忠ICONIC","トス","オープン","銅",21,0,0,0,"","","",""
32,1,"ジャージ山口忠ICONIC","トス","オープン","銅",21,0,0,0,"","","",""
33,1,"焼き芋山口忠ICONIC","トス","オープン","銅",21,0,0,0,"","","",""
34,1,"ユニフォーム西谷夕ICONIC","トス","オープン","銅",27,0,0,0,"","","",""
35,1,"制服西谷夕ICONIC","トス","オープン","銅",27,0,0,0,"","","",""
36,1,"Xmas西谷夕ICONIC","トス","オープン","銅",33,0,0,0,"","","",""
38,1,"文化祭2西谷夕ICONIC","トス","オープン","銅",27,0,0,0,"","","",""
41,1,"ユニフォーム田中龍之介ICONIC","トス","オープン","銅",21,0,0,0,"","","",""
42,1,"制服田中龍之介ICONIC","トス","オープン","銅",21,0,0,0,"","","",""
43,1,"新年田中龍之介ICONIC","トス","オープン","銅",21,0,0,0,"","","",""
44,1,"RPG田中龍之介ICONIC","トス","オープン","銅",21,0,0,0,"","","",""
45,1,"仮装田中龍之介ICONIC","トス","オープン","銅",21,0,0,0,"","","",""
46,1,"Xmas3田中龍之介ICONIC","トス","オープン","銅",21,0,0,0,"","","",""
47,1,"ユニフォーム澤村大地ICONIC","トス","オープン","銅",22,0,0,0,"","","",""
48,1,"プール掃除澤村大地ICONIC","トス","オープン","銅",22,0,0,0,"","","",""
49,1,"文化祭澤村大地ICONIC","トス","オープン","銅",22,0,0,0,"","","",""
50,1,"RPG澤村大地ICONIC","トス","オープン","銅",22,0,0,0,"","","",""
51,1,"新年2澤村大地ICONIC","トス","オープン","銅",22,0,0,0,"","","",""
52,1,"Xmas3澤村大地ICONIC","トス","オープン","銅",22,0,0,0,"","","",""
59,1,"ユニフォーム東峰旭ICONIC","トス","オープン","銅",21,0,0,0,"","","",""
60,1,"プール掃除東峰旭ICONIC","トス","オープン","銅",19,0,0,0,"","","",""
61,1,"サバゲ東峰旭ICONIC","トス","オープン","銅",21,0,0,0,"","","",""
62,1,"夏祭り2東峰旭ICONIC","トス","オープン","銅",23,0,0,0,"","","",""
63,1,"ユニフォーム東峰旭YELL","トス","オープン","銅",21,0,0,0,"","","",""
64,1,"ユニフォーム縁下力ICONIC","トス","オープン","銅",22,0,0,0,"","","",""
65,1,"探偵縁下力ICONIC","トス","オープン","銅",22,0,0,0,"","","",""
66,1,"RPG縁下力ICONIC","トス","オープン","銅",22,0,0,0,"","","",""
67,1,"花火縁下力ICONIC","トス","オープン","銅",22,0,0,0,"","","",""
68,1,"ユニフォーム木下久志ICONIC","トス","オープン","銅",20,0,0,0,"","","",""
69,1,"妖木下久志ICONIC","トス","オープン","銅",20,0,0,0,"","","",""
70,1,"ユニフォーム成田一仁ICONIC","トス","オープン","銅",21,0,0,0,"","","",""
79,1,"ユニフォーム黒尾鉄朗ICONIC","トス","オープン","銅",21,0,0,0,"","","",""
80,1,"制服黒尾鉄朗ICONIC","トス","オープン","銅",21,0,0,0,"","","",""
81,1,"夏祭り黒尾鉄朗ICONIC","トス","オープン","銅",21,0,0,0,"","","",""
82,1,"1周年黒尾鉄朗ICONIC","トス","オープン","銅",21,0,0,0,"","","",""
83,1,"キャンプ黒尾鉄朗ICONIC","トス","オープン","銅",21,0,0,0,"","","",""
84,1,"文化祭2黒尾鉄朗ICONIC","トス","オープン","銅",21,0,0,0,"","","",""
85,1,"中学生黒尾鉄朗ICONIC","トス","オープン","銅",21,0,0,0,"","","",""
86,1,"ハロウィン黒尾鉄朗ICONIC","トス","オープン","銅",21,0,0,0,"","","",""
87,1,"ユニフォーム灰羽リエーフICONIC","トス","オープン","銅",30,0,0,0,"","","",""
88,1,"探偵灰羽リエーフICONIC","トス","オープン","銅",30,0,0,0,"","","",""
89,1,"路地裏灰羽リエーフICONIC","トス","オープン","銅",30,0,0,0,"","","",""
90,1,"文化祭2灰羽リエーフICONIC","トス","オープン","銅",30,0,0,0,"","","",""
91,1,"サバゲ2灰羽リエーフICONIC","トス","オープン","銅",30,0,0,0,"","","",""
92,1,"ユニフォーム夜久衛輔ICONIC","トス","オープン","銅",28,0,0,0,"","","",""
97,1,"ユニフォーム福永招平ICONIC","トス","オープン","銅",24,0,0,0,"","","",""
98,1,"バーガー福永招平ICONIC","トス","オープン","銅",24,0,0,0,"","","",""
99,1,"アート2福永招平ICONIC","トス","オープン","銅",24,0,0,0,"","","",""
100,1,"ユニフォーム犬岡走ICONIC","トス","オープン","銅",24,0,0,0,"","","",""
101,1,"新年犬岡走ICONIC","トス","オープン","銅",24,0,0,0,"","","",""
102,1,"ユニフォーム山本猛虎ICONIC","トス","オープン","銅",24,0,0,0,"","","",""
103,1,"新年山本猛虎ICONIC","トス","オープン","銅",24,0,0,0,"","","",""
106,1,"ユニフォーム海信之ICONIC","トス","オープン","銅",24,0,0,0,"","","",""
107,1,"遊園地海信之ICONIC","トス","オープン","銅",24,0,0,0,"","","",""
108,1,"ユニフォーム海信之YELL","トス","オープン","銅",24,0,0,0,"","","",""
116,1,"ユニフォーム二口堅治ICONIC","トス","オープン","銅",24,0,0,0,"","","",""
117,1,"制服二口堅治ICONIC","トス","オープン","銅",24,0,0,0,"","","",""
118,1,"プール掃除二口堅治ICONIC","トス","オープン","銅",24,0,0,0,"","","",""
119,1,"路地裏二口堅治ICONIC","トス","オープン","銅",24,0,0,0,"","","",""
120,1,"甲冑二口堅治ICONIC","トス","オープン","銅",24,0,0,0,"","","",""
121,1,"2周年二口堅治ICONIC","トス","オープン","銅",24,0,0,0,"","","",""
122,1,"アート2二口堅治ICONIC","トス","オープン","銅",24,0,0,0,"","","",""
128,1,"ユニフォーム小原豊ICONIC","トス","オープン","銅",26,0,0,0,"","","",""
129,1,"ユニフォーム女川太郎ICONIC","トス","オープン","銅",27,0,0,0,"","","",""
130,1,"水着2女川太郎ICONIC","トス","オープン","銅",27,0,0,0,"","","",""
131,1,"ユニフォーム作並浩輔ICONIC","トス","オープン","銅",31,0,0,0,"","","",""
132,1,"職業体験2作並浩輔ICONIC","トス","オープン","銅",31,0,0,0,"","","",""
137,1,"ユニフォーム笹谷武仁ICONIC","トス","オープン","銅",23,0,0,0,"","","",""
146,1,"ユニフォーム岩泉一ICONIC","トス","オープン","銅",24,0,0,0,"","","",""
147,1,"プール掃除岩泉一ICONIC","トス","オープン","銅",24,0,0,0,"","","",""
148,1,"制服岩泉一ICONIC","トス","オープン","銅",24,0,0,0,"","","",""
149,1,"サバゲ岩泉一ICONIC","トス","オープン","銅",24,0,0,0,"","","",""
150,1,"バカンス岩泉一ICONIC","トス","オープン","銅",24,0,0,0,"","","",""
151,1,"路地裏2岩泉一ICONIC","トス","オープン","銅",24,0,0,0,"","","",""
152,1,"夏祭り2岩泉一ICONIC","トス","オープン","銅",24,0,0,0,"","","",""
153,1,"ユニフォーム金田一勇太郎ICONIC","トス","オープン","銅",26,0,0,0,"","","",""
154,1,"雪遊び金田一勇太郎ICONIC","トス","オープン","銅",26,0,0,0,"","","",""
155,1,"カンフー金田一勇太郎ICONIC","トス","オープン","銅",26,0,0,0,"","","",""
156,1,"中学生金田一勇太郎ICONIC","トス","オープン","銅",26,0,0,0,"","","",""
157,1,"ユニフォーム京谷賢太郎ICONIC","トス","オープン","銅",24,0,0,0,"","","",""
158,1,"梅雨京谷賢太郎ICONIC","トス","オープン","銅",24,0,0,0,"","","",""
159,1,"水着2京谷賢太郎ICONIC","トス","オープン","銅",24,0,0,0,"","","",""
165,1,"ユニフォーム渡親治ICONIC","トス","オープン","銅",30,0,0,0,"","","",""
170,1,"ユニフォーム花巻貴大ICONIC","トス","オープン","銅",28,0,0,0,"","","",""
171,1,"アート花巻貴大ICONIC","トス","オープン","銅",28,0,0,0,"","","",""
173,1,"妖花巻貴大ICONIC","トス","オープン","銅",28,0,0,0,"","","",""
174,1,"焼き芋花巻貴大ICONIC","トス","オープン","銅",28,0,0,0,"","","",""
177,1,"ユニフォーム駒木輝ICONIC","トス","オープン","銅",27,0,0,0,"","","",""
178,1,"ユニフォーム茶屋和馬ICONIC","トス","オープン","銅",23,0,0,0,"","","",""
179,1,"ユニフォーム玉川弘樹ICONIC","トス","オープン","銅",24,0,0,0,"","","",""
180,1,"ユニフォーム桜井大河ICONIC","トス","オープン","銅",28,0,0,0,"","","",""
182,1,"ユニフォーム渋谷陸斗ICONIC","トス","オープン","銅",24,0,0,0,"","","",""
187,1,"ユニフォーム森岳歩ICONIC","トス","オープン","銅",24,0,0,0,"","","",""
197,1,"ユニフォーム浅虫快人ICONIC","トス","オープン","銅",26,0,0,0,"","","",""
198,1,"ユニフォーム南田大志ICONIC","トス","オープン","銅",27,0,0,0,"","","",""
200,1,"ユニフォーム稲垣功ICONIC","トス","オープン","銅",26,0,0,0,"","","",""
202,1,"ユニフォーム百沢雄大ICONIC","トス","オープン","銅",24,0,0,0,"","","",""
203,1,"職業体験百沢雄大ICONIC","トス","オープン","銅",24,0,0,0,"","","",""
213,1,"ユニフォーム沼尻凛太郎ICONIC","トス","オープン","銅",26,0,0,0,"","","",""
215,1,"ユニフォーム東山勝道ICONIC","トス","オープン","銅",26,0,0,0,"","","",""
216,1,"ユニフォーム土湯新ICONIC","トス","オープン","銅",27,0,0,0,"","","",""
217,1,"ユニフォーム中島猛ICONIC","トス","オープン","銅",31,0,0,0,"","","",""
218,1,"スパイ中島猛ICONIC","トス","オープン","銅",31,0,0,0,"","","",""
219,1,"ユニフォーム白石優希ICONIC","トス","オープン","銅",24,0,0,0,"","","",""
221,1,"ユニフォーム鳴子哲平ICONIC","トス","オープン","銅",24,0,0,0,"","","",""
222,1,"ユニフォーム秋保和光ICONIC","トス","オープン","銅",27,0,0,0,"","","",""
223,1,"ユニフォーム松島剛ICONIC","トス","オープン","銅",23,0,0,0,"","","",""
224,1,"妖松島剛ICONIC","トス","オープン","銅",23,0,0,0,"","","",""
225,1,"ユニフォーム川渡瞬己ICONIC","トス","オープン","銅",26,0,0,0,"","","",""
226,1,"サバゲ2川渡瞬己ICONIC","トス","オープン","銅",26,0,0,0,"","","",""
240,1,"ユニフォーム五色工ICONIC","トス","オープン","銅",27,0,0,0,"","","",""
241,1,"職業体験五色工ICONIC","トス","オープン","銅",27,0,0,0,"","","",""
242,1,"制服五色工ICONIC","トス","オープン","銅",27,0,0,0,"","","",""
243,1,"バカンス五色工ICONIC","トス","オープン","銅",27,0,0,0,"","","",""
244,1,"Xmas2五色工ICONIC","トス","オープン","銅",27,0,0,0,"","","",""
245,1,"サバゲ2五色工ICONIC","トス","オープン","銅",27,0,0,0,"","","",""
252,1,"ユニフォーム大平獅音ICONIC","トス","オープン","銅",26,0,0,0,"","","",""
253,1,"ユニフォーム川西太一ICONIC","トス","オープン","銅",29,0,0,0,"","","",""
254,1,"路地裏川西太一ICONIC","トス","オープン","銅",29,0,0,0,"","","",""
260,1,"ユニフォーム山形隼人ICONIC","トス","オープン","銅",27,0,0,0,"","","",""
261,1,"ユニフォーム強羅昌己ICONIC","トス","オープン","銅",26,0,0,0,"","","",""
263,1,"ユニフォーム仙石伸吾ICONIC","トス","オープン","銅",24,0,0,0,"","","",""
264,1,"ユニフォーム中川俊美ICONIC","トス","オープン","銅",27,0,0,0,"","","",""
266,1,"ユニフォーム伊勢原裕次ICONIC","トス","オープン","銅",24,0,0,0,"","","",""
269,1,"ユニフォーム小鹿野大樹ICONIC","トス","オープン","銅",29,0,0,0,"","","",""
270,1,"ユニフォーム赤谷勇ICONIC","トス","オープン","銅",24,0,0,0,"","","",""
271,1,"ユニフォーム児玉勝ICONIC","トス","オープン","銅",24,0,0,0,"","","",""
294,1,"ユニフォーム北信介ICONIC","トス","オープン","銅",26,0,0,0,"","","",""
295,1,"Xmas北信介ICONIC","トス","オープン","銅",26,0,0,0,"","","",""
296,1,"スパイ北信介ICONIC","トス","オープン","銅",26,0,0,0,"","","",""
297,1,"新年2北信介ICONIC","トス","オープン","銅",26,0,0,0,"","","",""
298,1,"職業体験2北信介ICONIC","トス","オープン","銅",26,0,0,0,"","","",""
299,1,"制服北信介ICONIC","トス","オープン","銅",26,0,0,0,"","","",""
300,1,"ユニフォーム尾白アランICONIC","トス","オープン","銅",24,0,0,0,"","","",""
301,1,"雪遊び尾白アランICONIC","トス","オープン","銅",24,0,0,0,"","","",""
302,1,"夏祭り2尾白アランICONIC","トス","オープン","銅",24,0,0,0,"","","",""
303,1,"ユニフォーム赤木路成ICONIC","トス","オープン","銅",28,0,0,0,"","","",""
304,1,"Xmas2赤木路成ICONIC","トス","オープン","銅",28,0,0,0,"","","",""
305,1,"ユニフォーム大耳練ICONIC","トス","オープン","銅",27,0,0,0,"","","",""
306,1,"ユニフォーム理石平介ICONIC","トス","オープン","銅",23,0,0,0,"","","",""
316,1,"ユニフォーム木葉秋紀ICONIC","トス","オープン","銅",31,0,0,0,"","","",""
317,1,"探偵木葉秋紀ICONIC","トス","オープン","銅",31,0,0,0,"","","",""
319,1,"路地裏2木葉秋紀ICONIC","トス","オープン","銅",31,0,0,0,"","","",""
320,1,"水着2木葉秋紀ICONIC","トス","オープン","銅",31,0,0,0,"","","",""
325,1,"ユニフォーム尾長渉ICONIC","トス","オープン","銅",27,0,0,0,"","","",""
326,1,"ユニフォーム鷲尾辰生ICONIC","トス","オープン","銅",27,0,0,0,"","","",""
327,1,"ハロウィン鷲尾辰生ICONIC","トス","オープン","銅",27,0,0,0,"","","",""
338,1,"ユニフォーム当間義友ICONIC","トス","オープン","銅",26,0,0,0,"","","",""
340,1,"ユニフォーム貝掛亮文ICONIC","トス","オープン","銅",26,0,0,0,"","","",""
341,1,"ユニフォーム丸山一喜ICONIC","トス","オープン","銅",24,0,0,0,"","","",""
342,1,"ユニフォーム舞子侑志ICONIC","トス","オープン","銅",19,0,0,0,"","","",""
344,1,"ユニフォーム星海光来ICONIC","トス","オープン","銅",27,0,0,0,"","","",""
345,1,"文化祭星海光来ICONIC","トス","オープン","銅",27,0,0,0,"","","",""
346,1,"サバゲ星海光来ICONIC","トス","オープン","銅",27,0,0,0,"","","",""
347,1,"花火星海光来ICONIC","トス","オープン","銅",27,0,0,0,"","","",""
348,1,"新年2星海光来ICONIC","トス","オープン","銅",27,0,0,0,"","","",""
352,1,"ユニフォーム佐久早聖臣ICONIC","トス","オープン","銅",27,0,0,0,"","","",""
353,1,"サバゲ佐久早聖臣ICONIC","トス","オープン","銅",27,0,0,0,"","","",""
354,1,"新年2佐久早聖臣ICONIC","トス","オープン","銅",27,0,0,0,"","","",""
355,1,"ユニフォーム小森元也ICONIC","トス","オープン","銅",26,0,0,0,"","","",""
358,1,"ユニフォーム大将優ICONIC","トス","オープン","銅",29,0,0,0,"","","",""
359,1,"新年大将優ICONIC","トス","オープン","銅",29,0,0,0,"","","",""
360,1,"カンフー大将優ICONIC","トス","オープン","銅",29,0,0,0,"","","",""
361,1,"妖大将優ICONIC","トス","オープン","銅",29,0,0,0,"","","",""
362,1,"ユニフォーム沼井和馬ICONIC","トス","オープン","銅",26,0,0,0,"","","",""
365,1,"ユニフォーム高千穂恵也ICONIC","トス","オープン","銅",23,0,0,0,"","","",""
366,1,"ユニフォーム広尾倖児ICONIC","トス","オープン","銅",24,0,0,0,"","","",""
367,1,"カンフー広尾倖児ICONIC","トス","オープン","銅",24,0,0,0,"","","",""
369,1,"ユニフォーム背黒晃彦ICONIC","トス","オープン","銅",27,0,0,0,"","","",""
370,1,"ユニフォーム赤間颯ICONIC","トス","オープン","銅",26,0,0,0,"","","",""
372,1,"ユニフォーム和倉久彦ICONIC","トス","オープン","銅",29,0,0,0,"","","",""
373,1,"ユニフォーム金沢伊織ICONIC","トス","オープン","銅",23,0,0,0,"","","",""
374,1,"ユニフォーム志賀智也ICONIC","トス","オープン","銅",26,0,0,0,"","","",""
375,1,"ユニフォーム輪島友和ICONIC","トス","オープン","銅",28,0,0,0,"","","",""
377,1,"ユニフォーム山代総司ICONIC","トス","オープン","銅",24,0,0,0,"","","",""
53,1,"ユニフォーム菅原考支ICONIC","トス","オープン","金",32,0,0,0,"","","",""
54,1,"プール掃除菅原考支ICONIC","トス","オープン","金",32,0,0,0,"","","",""
55,1,"文化祭菅原考支ICONIC","トス","オープン","金",32,0,0,0,"","","",""
56,1,"梅雨菅原考支ICONIC","トス","オープン","金",32,0,0,0,"","","",""
58,1,"夏祭り2菅原考支ICONIC","トス","オープン","金",32,0,0,0,"","","",""
71,1,"ユニフォーム孤爪研磨ICONIC","トス","オープン","金",30,0,0,0,"","","",""
72,1,"制服孤爪研磨ICONIC","トス","オープン","金",30,0,0,0,"","","",""
73,1,"夏祭り孤爪研磨ICONIC","トス","オープン","金",31,0,0,0,"","","",""
74,1,"1周年孤爪研磨ICONIC","トス","オープン","金",30,0,0,0,"","","",""
75,1,"スパイ孤爪研磨ICONIC","トス","オープン","金",30,0,0,0,"","","",""
76,1,"Xmas2孤爪研磨ICONIC","トス","オープン","金",32,0,0,0,"","","",""
77,1,"中学生孤爪研磨ICONIC","トス","オープン","金",30,0,0,0,"","","",""
78,1,"ハロウィン孤爪研磨ICONIC","トス","オープン","金",31,0,0,0,"","","",""
95,1,"2周年夜久衛輔ICONIC","トス","オープン","金",34,0,0,0,"","","",""
123,1,"ユニフォーム黄金川貫至ICONIC","トス","オープン","金",34,0,0,0,"","","",""
124,1,"制服黄金川貫至ICONIC","トス","オープン","金",34,0,0,0,"","","",""
125,1,"職業体験黄金川貫至ICONIC","トス","オープン","金",34,0,0,0,"","","",""
126,1,"スパイ黄金川貫至ICONIC","トス","オープン","金",34,0,0,0,"","","",""
134,1,"ユニフォーム茂庭要ICONIC","トス","オープン","金",36,0,0,0,"","","",""
138,1,"ユニフォーム及川徹ICONIC","トス","オープン","金",33,0,0,0,"","","",""
139,1,"プール掃除及川徹ICONIC","トス","オープン","金",33,0,0,0,"","","",""
140,1,"Xmas及川徹ICONIC","トス","オープン","金",33,0,0,0,"","","",""
141,1,"制服及川徹ICONIC","トス","オープン","金",33,0,0,0,"","","",""
142,1,"路地裏及川徹ICONIC","トス","オープン","金",33,0,0,0,"","","",""
143,1,"バカンス及川徹ICONIC","トス","オープン","金",34,0,0,0,"","","",""
144,1,"2周年及川徹ICONIC","トス","オープン","金",33,0,0,0,"","","",""
145,1,"夏祭り2及川徹ICONIC","トス","オープン","金",35,0,0,0,"","","",""
164,1,"中学生国見英ICONIC","トス","オープン","金",32,0,0,0,"","","",""
175,1,"ユニフォーム矢巾秀ICONIC","トス","オープン","金",35,0,0,0,"","","",""
176,1,"キャンプ矢巾秀ICONIC","トス","オープン","金",35,0,0,0,"","","",""
181,1,"ユニフォーム芳賀良治ICONIC","トス","オープン","金",31,0,0,0,"","","",""
193,1,"ユニフォーム夏瀬伊吹ICONIC","トス","オープン","金",32,0,0,0,"","","",""
194,1,"ユニフォーム秋宮昇ICONIC","トス","オープン","金",37,0,0,0,"","","",""
195,1,"ユニフォーム古牧譲ICONIC","トス","オープン","金",36,0,0,0,"","","",""
196,1,"雪遊び古牧譲ICONIC","トス","オープン","金",36,0,0,0,"","","",""
211,1,"ユニフォーム二岐丈晴ICONIC","トス","オープン","金",35,0,0,0,"","","",""
212,1,"制服二岐丈晴ICONIC","トス","オープン","金",35,0,0,0,"","","",""
220,1,"ユニフォーム花山一雅ICONIC","トス","オープン","金",37,0,0,0,"","","",""
246,1,"ユニフォーム白布賢二郎ICONIC","トス","オープン","金",34,0,0,0,"","","",""
247,1,"探偵白布賢二郎ICONIC","トス","オープン","金",34,0,0,0,"","","",""
248,1,"制服白布賢二郎ICONIC","トス","オープン","金",35,0,0,0,"","","",""
249,1,"バカンス白布賢二郎ICONIC","トス","オープン","金",35,0,0,0,"","","",""
250,1,"路地裏2白布賢二郎ICONIC","トス","オープン","金",36,0,0,0,"","","",""
251,1,"文化祭3白布賢二郎ICONIC","トス","オープン","金",35,0,0,0,"","","",""
255,1,"ユニフォーム瀬見英太ICONIC","トス","オープン","金",38,0,0,0,"","","",""
256,1,"雪遊び瀬見英太ICONIC","トス","オープン","金",38,0,0,0,"","","",""
257,1,"バカンス瀬見英太ICONIC","トス","オープン","金",38,0,0,0,"","","",""
258,1,"アート2瀬見英太ICONIC","トス","オープン","金",38,0,0,0,"","","",""
259,1,"文化祭3瀬見英太ICONIC","トス","オープン","金",38,0,0,0,"","","",""
265,1,"ユニフォーム七沢健吾ICONIC","トス","オープン","金",34,0,0,0,"","","",""
272,1,"ユニフォーム名栗翔太ICONIC","トス","オープン","金",36,0,0,0,"","","",""
273,1,"ユニフォーム島府典明ICONIC","トス","オープン","金",28,0,0,0,"","","",""
275,1,"ユニフォーム宮侑ICONIC","トス","オープン","金",38,0,0,0,"","","",""
276,1,"文化祭宮侑ICONIC","トス","オープン","金",38,0,0,0,"","","",""
277,1,"RPG宮侑ICONIC","トス","オープン","金",38,0,0,0,"","","",""
278,1,"カンフー宮侑ICONIC","トス","オープン","金",38,0,0,0,"","","",""
279,1,"新年2宮侑ICONIC","トス","オープン","金",39,0,0,0,"","","",""
280,1,"サバゲ2宮侑ICONIC","トス","オープン","金",38,0,0,0,"","","",""
281,1,"制服宮侑ICONIC","トス","オープン","金",40,0,0,0,"","","",""
287,1,"制服宮治ICONIC","トス","オープン","金",33,0,0,0,"","","",""
328,1,"ユニフォーム赤葦京治ICONIC","トス","オープン","金",38,0,0,0,"","","",""
329,1,"夏祭り赤葦京治ICONIC","トス","オープン","金",38,0,0,0,"","","",""
330,1,"制服赤葦京治ICONIC","トス","オープン","金",38,0,0,0,"","","",""
331,1,"バーガー赤葦京治ICONIC","トス","オープン","金",38,0,0,0,"","","",""
332,1,"仮装赤葦京治ICONIC","トス","オープン","金",41,0,0,0,"","","",""
333,1,"妖赤葦京治ICONIC","トス","オープン","金",39,0,0,0,"","","",""
334,1,"焼き芋赤葦京治ICONIC","トス","オープン","金",42,0,0,0,"","","",""
335,1,"Xmas3赤葦京治ICONIC","トス","オープン","金",39,0,0,0,"","","",""
339,1,"ユニフォーム越後栄ICONIC","トス","オープン","金",37,0,0,0,"","","",""
368,1,"ユニフォーム先島伊澄ICONIC","トス","オープン","金",34,0,0,0,"","","",""
371,1,"ユニフォーム白峰周ICONIC","トス","オープン","金",38,0,0,0,"","","",""
4,1,"1周年日向翔陽ICONIC","トス","オープン","銀",23,0,0,0,"","","",""
24,1,"ジャージ月島蛍ICONIC","トス","オープン","銀",26,0,0,0,"","","",""
37,1,"バーガー西谷夕ICONIC","トス","オープン","銀",30,0,0,0,"","","",""
39,1,"2周年西谷夕ICONIC","トス","オープン","銀",30,0,0,0,"","","",""
57,1,"Xmas2菅原考支ICONIC","トス","オープン","銀",31,0,0,0,"","","",""
93,1,"1周年夜久衛輔ICONIC","トス","オープン","銀",31,0,0,0,"","","",""
94,1,"花火夜久衛輔ICONIC","トス","オープン","銀",31,0,0,0,"","","",""
96,1,"水着2夜久衛輔ICONIC","トス","オープン","銀",31,0,0,0,"","","",""
109,1,"ユニフォーム手白球彦ICONIC","トス","オープン","銀",35,0,0,0,"","","",""
127,1,"焼き芋黄金川貫至ICONIC","トス","オープン","銀",33,0,0,0,"","","",""
172,1,"バーガー花巻貴大ICONIC","トス","オープン","銀",31,0,0,0,"","","",""
237,1,"制服天童覚ICONIC","トス","オープン","銀",32,0,0,0,"","","",""
262,1,"ユニフォーム芦谷洋平ICONIC","トス","オープン","銀",32,0,0,0,"","","",""
283,1,"RPG宮治ICONIC","トス","オープン","銀",28,0,0,0,"","","",""
284,1,"カンフー宮治ICONIC","トス","オープン","銀",29,0,0,0,"","","",""
318,1,"梅雨木葉秋紀ICONIC","トス","オープン","銀",34,0,0,0,"","","",""
356,1,"キャンプ小森元也ICONIC","トス","オープン","銀",29,0,0,0,"","","",""
357,1,"ハロウィン小森元也ICONIC","トス","オープン","銀",29,0,0,0,"","","",""
40,1,"ハロウィン西谷夕ICONIC","トス","速攻","銅",27,0,0,0,"","","",""
284,2,"カンフー宮治ICONIC","トス","時間差","金",32,0,0,0,"","","",""
17,2,"中学生影山飛雄ICONIC","トス","速攻","銀",30,0,0,0,"","","",""
28,2,"ユニフォーム山口忠ICONIC","トス","速攻","銅",22,0,0,0,"","","",""
29,2,"水着山口忠ICONIC","トス","速攻","銅",22,0,0,0,"","","",""
30,2,"雪遊び山口忠ICONIC","トス","速攻","銅",20,0,0,0,"","","",""
31,2,"スパイ山口忠ICONIC","トス","速攻","銅",22,0,0,0,"","","",""
32,2,"ジャージ山口忠ICONIC","トス","速攻","銅",22,0,0,0,"","","",""
33,2,"焼き芋山口忠ICONIC","トス","速攻","銅",22,0,0,0,"","","",""
53,2,"ユニフォーム菅原考支ICONIC","トス","速攻","銅",29,0,0,0,"","","",""
54,2,"プール掃除菅原考支ICONIC","トス","速攻","銅",29,0,0,0,"","","",""
55,2,"文化祭菅原考支ICONIC","トス","速攻","銅",29,0,0,0,"","","",""
56,2,"梅雨菅原考支ICONIC","トス","速攻","銀",31,0,0,0,"","","",""
57,2,"Xmas2菅原考支ICONIC","トス","速攻","銀",31,0,0,0,"","","",""
92,2,"ユニフォーム夜久衛輔ICONIC","トス","速攻","銅",28,0,0,0,"","","",""
93,2,"1周年夜久衛輔ICONIC","トス","速攻","銅",28,0,0,0,"","","",""
94,2,"花火夜久衛輔ICONIC","トス","速攻","銅",28,0,0,0,"","","",""
95,2,"2周年夜久衛輔ICONIC","トス","速攻","銀",31,0,0,0,"","","",""
96,2,"水着2夜久衛輔ICONIC","トス","速攻","銀",31,0,0,0,"","","",""
109,2,"ユニフォーム手白球彦ICONIC","トス","速攻","銀",35,0,0,0,"","","",""
126,2,"スパイ黄金川貫至ICONIC","トス","速攻","銀",31,0,0,0,"","","",""
137,2,"ユニフォーム笹谷武仁ICONIC","トス","速攻","銅",23,0,0,0,"","","",""
170,2,"ユニフォーム花巻貴大ICONIC","トス","速攻","銅",28,0,0,0,"","","",""
171,2,"アート花巻貴大ICONIC","トス","速攻","銅",28,0,0,0,"","","",""
172,2,"バーガー花巻貴大ICONIC","トス","速攻","銀",31,0,0,0,"","","",""
173,2,"妖花巻貴大ICONIC","トス","速攻","銅",28,0,0,0,"","","",""
174,2,"焼き芋花巻貴大ICONIC","トス","速攻","銅",28,0,0,0,"","","",""
177,2,"ユニフォーム駒木輝ICONIC","トス","速攻","銅",27,0,0,0,"","","",""
259,2,"文化祭3瀬見英太ICONIC","トス","速攻","銅",32,0,0,0,"","","",""
287,2,"制服宮治ICONIC","トス","速攻","銀",30,0,0,0,"","","",""
333,2,"妖赤葦京治ICONIC","トス","速攻","銀",36,0,0,0,"","","",""
335,2,"Xmas3赤葦京治ICONIC","トス","速攻","銀",36,0,0,0,"","","",""
339,2,"ユニフォーム越後栄ICONIC","トス","速攻","銀",37,0,0,0,"","","",""
355,2,"ユニフォーム小森元也ICONIC","トス","速攻","銅",26,0,0,0,"","","",""
356,2,"キャンプ小森元也ICONIC","トス","速攻","銅",26,0,0,0,"","","",""
357,2,"ハロウィン小森元也ICONIC","トス","速攻","銅",26,0,0,0,"","","",""
368,2,"ユニフォーム先島伊澄ICONIC","トス","速攻","銀",34,0,0,0,"","","",""
9,2,"ユニフォーム影山飛雄ICONIC","トス","速攻","金",33,0,0,0,"","","",""
10,2,"制服影山飛雄ICONIC","トス","速攻","金",33,0,0,0,"","","",""
11,2,"夏祭り影山飛雄ICONIC","トス","速攻","金",33,0,0,0,"","","",""
12,2,"Xmas影山飛雄ICONIC","トス","速攻","金",33,0,0,0,"","","",""
13,2,"1周年影山飛雄ICONIC","トス","速攻","金",33,0,0,0,"","","",""
14,2,"王冠影山飛雄ICONIC","トス","速攻","金",33,0,0,0,"","","",""
15,2,"ジャージ影山飛雄ICONIC","トス","速攻","金",34,0,0,0,"","","",""
16,2,"2周年影山飛雄ICONIC","トス","速攻","金",33,0,0,0,"","","",""
18,2,"文化祭3影山飛雄ICONIC","トス","速攻","金",35,0,0,0,"","","",""
58,2,"夏祭り2菅原考支ICONIC","トス","速攻","金",32,0,0,0,"","","",""
71,2,"ユニフォーム孤爪研磨ICONIC","トス","速攻","金",31,0,0,0,"","","",""
72,2,"制服孤爪研磨ICONIC","トス","速攻","金",31,0,0,0,"","","",""
73,2,"夏祭り孤爪研磨ICONIC","トス","速攻","金",31,0,0,0,"","","",""
74,2,"1周年孤爪研磨ICONIC","トス","速攻","金",31,0,0,0,"","","",""
75,2,"スパイ孤爪研磨ICONIC","トス","速攻","金",31,0,0,0,"","","",""
76,2,"Xmas2孤爪研磨ICONIC","トス","速攻","金",32,0,0,0,"","","",""
77,2,"中学生孤爪研磨ICONIC","トス","速攻","金",31,0,0,0,"","","",""
78,2,"ハロウィン孤爪研磨ICONIC","トス","速攻","金",32,0,0,0,"","","",""
123,2,"ユニフォーム黄金川貫至ICONIC","トス","速攻","金",34,0,0,0,"","","",""
124,2,"制服黄金川貫至ICONIC","トス","速攻","金",34,0,0,0,"","","",""
125,2,"職業体験黄金川貫至ICONIC","トス","速攻","金",34,0,0,0,"","","",""
127,2,"焼き芋黄金川貫至ICONIC","トス","速攻","金",35,0,0,0,"","","",""
134,2,"ユニフォーム茂庭要ICONIC","トス","速攻","金",36,0,0,0,"","","",""
138,2,"ユニフォーム及川徹ICONIC","トス","速攻","金",33,0,0,0,"","","",""
139,2,"プール掃除及川徹ICONIC","トス","速攻","金",33,0,0,0,"","","",""
140,2,"Xmas及川徹ICONIC","トス","速攻","金",33,0,0,0,"","","",""
141,2,"制服及川徹ICONIC","トス","速攻","金",33,0,0,0,"","","",""
142,2,"路地裏及川徹ICONIC","トス","速攻","金",33,0,0,0,"","","",""
143,2,"バカンス及川徹ICONIC","トス","速攻","金",34,0,0,0,"","","",""
144,2,"2周年及川徹ICONIC","トス","速攻","金",33,0,0,0,"","","",""
145,2,"夏祭り2及川徹ICONIC","トス","速攻","金",35,0,0,0,"","","",""
175,2,"ユニフォーム矢巾秀ICONIC","トス","速攻","金",35,0,0,0,"","","",""
176,2,"キャンプ矢巾秀ICONIC","トス","速攻","金",35,0,0,0,"","","",""
181,2,"ユニフォーム芳賀良治ICONIC","トス","速攻","金",31,0,0,0,"","","",""
193,2,"ユニフォーム夏瀬伊吹ICONIC","トス","速攻","金",32,0,0,0,"","","",""
194,2,"ユニフォーム秋宮昇ICONIC","トス","速攻","金",37,0,0,0,"","","",""
195,2,"ユニフォーム古牧譲ICONIC","トス","速攻","金",36,0,0,0,"","","",""
196,2,"雪遊び古牧譲ICONIC","トス","速攻","金",36,0,0,0,"","","",""
211,2,"ユニフォーム二岐丈晴ICONIC","トス","速攻","金",35,0,0,0,"","","",""
212,2,"制服二岐丈晴ICONIC","トス","速攻","金",35,0,0,0,"","","",""
220,2,"ユニフォーム花山一雅ICONIC","トス","速攻","金",37,0,0,0,"","","",""
246,2,"ユニフォーム白布賢二郎ICONIC","トス","速攻","金",34,0,0,0,"","","",""
247,2,"探偵白布賢二郎ICONIC","トス","速攻","金",34,0,0,0,"","","",""
248,2,"制服白布賢二郎ICONIC","トス","速攻","金",35,0,0,0,"","","",""
249,2,"バカンス白布賢二郎ICONIC","トス","速攻","金",35,0,0,0,"","","",""
250,2,"路地裏2白布賢二郎ICONIC","トス","速攻","金",36,0,0,0,"","","",""
251,2,"文化祭3白布賢二郎ICONIC","トス","速攻","金",35,0,0,0,"","","",""
255,2,"ユニフォーム瀬見英太ICONIC","トス","速攻","金",38,0,0,0,"","","",""
256,2,"雪遊び瀬見英太ICONIC","トス","速攻","金",38,0,0,0,"","","",""
257,2,"バカンス瀬見英太ICONIC","トス","速攻","金",38,0,0,0,"","","",""
258,2,"アート2瀬見英太ICONIC","トス","速攻","金",38,0,0,0,"","","",""
265,2,"ユニフォーム七沢健吾ICONIC","トス","速攻","金",34,0,0,0,"","","",""
272,2,"ユニフォーム名栗翔太ICONIC","トス","速攻","金",36,0,0,0,"","","",""
275,2,"ユニフォーム宮侑ICONIC","トス","速攻","金",38,0,0,0,"","","",""
276,2,"文化祭宮侑ICONIC","トス","速攻","金",38,0,0,0,"","","",""
277,2,"RPG宮侑ICONIC","トス","速攻","金",38,0,0,0,"","","",""
278,2,"カンフー宮侑ICONIC","トス","速攻","金",38,0,0,0,"","","",""
279,2,"新年2宮侑ICONIC","トス","速攻","金",39,0,0,0,"","","",""
280,2,"サバゲ2宮侑ICONIC","トス","速攻","金",38,0,0,0,"","","",""
281,2,"制服宮侑ICONIC","トス","速攻","金",40,0,0,0,"","","",""
328,2,"ユニフォーム赤葦京治ICONIC","トス","速攻","金",38,0,0,0,"","","",""
329,2,"夏祭り赤葦京治ICONIC","トス","速攻","金",38,0,0,0,"","","",""
330,2,"制服赤葦京治ICONIC","トス","速攻","金",38,0,0,0,"","","",""
331,2,"バーガー赤葦京治ICONIC","トス","速攻","金",38,0,0,0,"","","",""
332,2,"仮装赤葦京治ICONIC","トス","速攻","金",41,0,0,0,"","","",""
334,2,"焼き芋赤葦京治ICONIC","トス","速攻","金",42,0,0,0,"","","",""
371,2,"ユニフォーム白峰周ICONIC","トス","速攻","金",38,0,0,0,"","","",""
42,2,"制服田中龍之介ICONIC","トス","ダイレクト","銀",30,0,0,0,"","","",""
45,2,"仮装田中龍之介ICONIC","トス","ダイレクト","銀",30,0,0,0,"","","",""
147,2,"プール掃除岩泉一ICONIC","トス","ダイレクト","銀",28,0,0,0,"","","",""
153,2,"ユニフォーム金田一勇太郎ICONIC","トス","ダイレクト","銀",25,0,0,0,"","","",""
154,2,"雪遊び金田一勇太郎ICONIC","トス","ダイレクト","銀",25,0,0,0,"","","",""
155,2,"カンフー金田一勇太郎ICONIC","トス","ダイレクト","銀",25,0,0,0,"","","",""
156,2,"中学生金田一勇太郎ICONIC","トス","ダイレクト","銀",25,0,0,0,"","","",""
164,2,"中学生国見英ICONIC","トス","ダイレクト","銀",34,0,0,0,"","","",""
229,2,"新年牛島若利ICONIC","トス","ダイレクト","銀",33,0,0,0,"","","",""
230,2,"制服牛島若利ICONIC","トス","ダイレクト","銀",30,0,0,0,"","","",""
237,2,"制服天童覚ICONIC","トス","ダイレクト","銀",33,0,0,0,"","","",""
310,2,"夏祭り木兎光太郎ICONIC","トス","ダイレクト","銀",33,0,0,0,"","","",""
311,2,"Xmas木兎光太郎ICONIC","トス","ダイレクト","銀",30,0,0,0,"","","",""
312,2,"制服木兎光太郎ICONIC","トス","ダイレクト","銀",30,0,0,0,"","","",""
313,2,"キャンプ木兎光太郎ICONIC","トス","ダイレクト","銀",30,0,0,0,"","","",""
314,2,"2周年木兎光太郎ICONIC","トス","ダイレクト","銀",30,0,0,0,"","","",""
315,2,"焼き芋木兎光太郎ICONIC","トス","ダイレクト","銀",30,0,0,0,"","","",""
318,2,"梅雨木葉秋紀ICONIC","トス","ダイレクト","銀",31,0,0,0,"","","",""
359,2,"新年大将優ICONIC","トス","ダイレクト","銀",31,0,0,0,"","","",""
1,2,"ユニフォーム日向翔陽ICONIC","トス","ダイレクト","銅",24,0,0,0,"","","",""
2,2,"制服日向翔陽ICONIC","トス","ダイレクト","銅",24,0,0,0,"","","",""
3,2,"夏祭り日向翔陽ICONIC","トス","ダイレクト","銅",24,0,0,0,"","","",""
4,2,"1周年日向翔陽ICONIC","トス","ダイレクト","銅",24,0,0,0,"","","",""
5,2,"王冠日向翔陽ICONIC","トス","ダイレクト","銅",24,0,0,0,"","","",""
6,2,"ジャージ日向翔陽ICONIC","トス","ダイレクト","銅",24,0,0,0,"","","",""
7,2,"遊園地日向翔陽ICONIC","トス","ダイレクト","銅",24,0,0,0,"","","",""
8,2,"ハロウィン日向翔陽ICONIC","トス","ダイレクト","銅",24,0,0,0,"","","",""
19,2,"ユニフォーム月島蛍ICONIC","トス","ダイレクト","銅",23,0,0,0,"","","",""
20,2,"水着月島蛍ICONIC","トス","ダイレクト","銅",23,0,0,0,"","","",""
21,2,"職業体験月島蛍ICONIC","トス","ダイレクト","銅",23,0,0,0,"","","",""
22,2,"1周年月島蛍ICONIC","トス","ダイレクト","銅",23,0,0,0,"","","",""
23,2,"花火月島蛍ICONIC","トス","ダイレクト","銅",23,0,0,0,"","","",""
24,2,"ジャージ月島蛍ICONIC","トス","ダイレクト","銅",23,0,0,0,"","","",""
25,2,"2周年月島蛍ICONIC","トス","ダイレクト","銅",23,0,0,0,"","","",""
26,2,"アート2月島蛍ICONIC","トス","ダイレクト","銅",23,0,0,0,"","","",""
27,2,"焼き芋月島蛍ICONIC","トス","ダイレクト","銅",24,0,0,0,"","","",""
41,2,"ユニフォーム田中龍之介ICONIC","トス","ダイレクト","銅",27,0,0,0,"","","",""
43,2,"新年田中龍之介ICONIC","トス","ダイレクト","銅",27,0,0,0,"","","",""
44,2,"RPG田中龍之介ICONIC","トス","ダイレクト","銅",27,0,0,0,"","","",""
46,2,"Xmas3田中龍之介ICONIC","トス","ダイレクト","銅",27,0,0,0,"","","",""
47,2,"ユニフォーム澤村大地ICONIC","トス","ダイレクト","銅",23,0,0,0,"","","",""
48,2,"プール掃除澤村大地ICONIC","トス","ダイレクト","銅",23,0,0,0,"","","",""
49,2,"文化祭澤村大地ICONIC","トス","ダイレクト","銅",23,0,0,0,"","","",""
50,2,"RPG澤村大地ICONIC","トス","ダイレクト","銅",23,0,0,0,"","","",""
51,2,"新年2澤村大地ICONIC","トス","ダイレクト","銅",23,0,0,0,"","","",""
52,2,"Xmas3澤村大地ICONIC","トス","ダイレクト","銅",23,0,0,0,"","","",""
59,2,"ユニフォーム東峰旭ICONIC","トス","ダイレクト","銅",21,0,0,0,"","","",""
60,2,"プール掃除東峰旭ICONIC","トス","ダイレクト","銅",19,0,0,0,"","","",""
61,2,"サバゲ東峰旭ICONIC","トス","ダイレクト","銅",21,0,0,0,"","","",""
62,2,"夏祭り2東峰旭ICONIC","トス","ダイレクト","銅",22,0,0,0,"","","",""
63,2,"ユニフォーム東峰旭YELL","トス","ダイレクト","銅",21,0,0,0,"","","",""
68,2,"ユニフォーム木下久志ICONIC","トス","ダイレクト","銅",21,0,0,0,"","","",""
69,2,"妖木下久志ICONIC","トス","ダイレクト","銅",21,0,0,0,"","","",""
70,2,"ユニフォーム成田一仁ICONIC","トス","ダイレクト","銅",24,0,0,0,"","","",""
79,2,"ユニフォーム黒尾鉄朗ICONIC","トス","ダイレクト","銅",29,0,0,0,"","","",""
80,2,"制服黒尾鉄朗ICONIC","トス","ダイレクト","銅",29,0,0,0,"","","",""
81,2,"夏祭り黒尾鉄朗ICONIC","トス","ダイレクト","銅",29,0,0,0,"","","",""
82,2,"1周年黒尾鉄朗ICONIC","トス","ダイレクト","銅",29,0,0,0,"","","",""
83,2,"キャンプ黒尾鉄朗ICONIC","トス","ダイレクト","銅",29,0,0,0,"","","",""
84,2,"文化祭2黒尾鉄朗ICONIC","トス","ダイレクト","銅",29,0,0,0,"","","",""
85,2,"中学生黒尾鉄朗ICONIC","トス","ダイレクト","銅",29,0,0,0,"","","",""
86,2,"ハロウィン黒尾鉄朗ICONIC","トス","ダイレクト","銅",29,0,0,0,"","","",""
87,2,"ユニフォーム灰羽リエーフICONIC","トス","ダイレクト","銅",30,0,0,0,"","","",""
88,2,"探偵灰羽リエーフICONIC","トス","ダイレクト","銅",30,0,0,0,"","","",""
89,2,"路地裏灰羽リエーフICONIC","トス","ダイレクト","銅",30,0,0,0,"","","",""
90,2,"文化祭2灰羽リエーフICONIC","トス","ダイレクト","銅",30,0,0,0,"","","",""
91,2,"サバゲ2灰羽リエーフICONIC","トス","ダイレクト","銅",30,0,0,0,"","","",""
97,2,"ユニフォーム福永招平ICONIC","トス","ダイレクト","銅",25,0,0,0,"","","",""
98,2,"バーガー福永招平ICONIC","トス","ダイレクト","銅",25,0,0,0,"","","",""
99,2,"アート2福永招平ICONIC","トス","ダイレクト","銅",25,0,0,0,"","","",""
100,2,"ユニフォーム犬岡走ICONIC","トス","ダイレクト","銅",25,0,0,0,"","","",""
101,2,"新年犬岡走ICONIC","トス","ダイレクト","銅",25,0,0,0,"","","",""
106,2,"ユニフォーム海信之ICONIC","トス","ダイレクト","銅",26,0,0,0,"","","",""
107,2,"遊園地海信之ICONIC","トス","ダイレクト","銅",26,0,0,0,"","","",""
108,2,"ユニフォーム海信之YELL","トス","ダイレクト","銅",26,0,0,0,"","","",""
110,2,"ユニフォーム青根高伸ICONIC","トス","ダイレクト","銅",26,0,0,0,"","","",""
111,2,"制服青根高伸ICONIC","トス","ダイレクト","銅",26,0,0,0,"","","",""
112,2,"プール掃除青根高伸ICONIC","トス","ダイレクト","銅",26,0,0,0,"","","",""
113,2,"キャンプ青根高伸ICONIC","トス","ダイレクト","銅",26,0,0,0,"","","",""
114,2,"甲冑青根高伸ICONIC","トス","ダイレクト","銅",26,0,0,0,"","","",""
115,2,"Xmas3青根高伸ICONIC","トス","ダイレクト","銅",26,0,0,0,"","","",""
116,2,"ユニフォーム二口堅治ICONIC","トス","ダイレクト","銅",32,0,0,0,"","","",""
117,2,"制服二口堅治ICONIC","トス","ダイレクト","銅",32,0,0,0,"","","",""
118,2,"プール掃除二口堅治ICONIC","トス","ダイレクト","銅",32,0,0,0,"","","",""
119,2,"路地裏二口堅治ICONIC","トス","ダイレクト","銅",32,0,0,0,"","","",""
120,2,"甲冑二口堅治ICONIC","トス","ダイレクト","銅",32,0,0,0,"","","",""
121,2,"2周年二口堅治ICONIC","トス","ダイレクト","銅",32,0,0,0,"","","",""
122,2,"アート2二口堅治ICONIC","トス","ダイレクト","銅",32,0,0,0,"","","",""
128,2,"ユニフォーム小原豊ICONIC","トス","ダイレクト","銅",26,0,0,0,"","","",""
129,2,"ユニフォーム女川太郎ICONIC","トス","ダイレクト","銅",27,0,0,0,"","","",""
130,2,"水着2女川太郎ICONIC","トス","ダイレクト","銅",27,0,0,0,"","","",""
133,2,"ユニフォーム吹上仁悟ICONIC","トス","ダイレクト","銅",25,0,0,0,"","","",""
135,2,"ユニフォーム鎌先靖志ICONIC","トス","ダイレクト","銅",30,0,0,0,"","","",""
136,2,"甲冑鎌先靖志ICONIC","トス","ダイレクト","銅",30,0,0,0,"","","",""
146,2,"ユニフォーム岩泉一ICONIC","トス","ダイレクト","銅",25,0,0,0,"","","",""
148,2,"制服岩泉一ICONIC","トス","ダイレクト","銅",25,0,0,0,"","","",""
149,2,"サバゲ岩泉一ICONIC","トス","ダイレクト","銅",25,0,0,0,"","","",""
150,2,"バカンス岩泉一ICONIC","トス","ダイレクト","銅",25,0,0,0,"","","",""
151,2,"路地裏2岩泉一ICONIC","トス","ダイレクト","銅",25,0,0,0,"","","",""
152,2,"夏祭り2岩泉一ICONIC","トス","ダイレクト","銅",25,0,0,0,"","","",""
157,2,"ユニフォーム京谷賢太郎ICONIC","トス","ダイレクト","銅",28,0,0,0,"","","",""
158,2,"梅雨京谷賢太郎ICONIC","トス","ダイレクト","銅",28,0,0,0,"","","",""
159,2,"水着2京谷賢太郎ICONIC","トス","ダイレクト","銅",28,0,0,0,"","","",""
160,2,"ユニフォーム国見英ICONIC","トス","ダイレクト","銅",30,0,0,0,"","","",""
161,2,"職業体験国見英ICONIC","トス","ダイレクト","銅",30,0,0,0,"","","",""
162,2,"路地裏国見英ICONIC","トス","ダイレクト","銅",30,0,0,0,"","","",""
163,2,"カンフー国見英ICONIC","トス","ダイレクト","銅",30,0,0,0,"","","",""
166,2,"ユニフォーム松川一静ICONIC","トス","ダイレクト","銅",25,0,0,0,"","","",""
167,2,"アート松川一静ICONIC","トス","ダイレクト","銅",25,0,0,0,"","","",""
168,2,"バカンス松川一静ICONIC","トス","ダイレクト","銅",25,0,0,0,"","","",""
169,2,"焼き芋松川一静ICONIC","トス","ダイレクト","銅",25,0,0,0,"","","",""
178,2,"ユニフォーム茶屋和馬ICONIC","トス","ダイレクト","銅",23,0,0,0,"","","",""
179,2,"ユニフォーム玉川弘樹ICONIC","トス","ダイレクト","銅",29,0,0,0,"","","",""
182,2,"ユニフォーム渋谷陸斗ICONIC","トス","ダイレクト","銅",24,0,0,0,"","","",""
183,2,"ユニフォーム池尻隼人ICONIC","トス","ダイレクト","銅",30,0,0,0,"","","",""
184,2,"文化祭2池尻隼人ICONIC","トス","ダイレクト","銅",30,0,0,0,"","","",""
185,2,"遊園地池尻隼人ICONIC","トス","ダイレクト","銅",30,0,0,0,"","","",""
186,2,"ユニフォーム十和田良樹ICONIC","トス","ダイレクト","銅",30,0,0,0,"","","",""
187,2,"ユニフォーム森岳歩ICONIC","トス","ダイレクト","銅",24,0,0,0,"","","",""
188,2,"ユニフォーム唐松拓巳ICONIC","トス","ダイレクト","銅",30,0,0,0,"","","",""
189,2,"ユニフォーム田沢裕樹ICONIC","トス","ダイレクト","銅",30,0,0,0,"","","",""
190,2,"ユニフォーム子安颯真ICONIC","トス","ダイレクト","銅",25,0,0,0,"","","",""
191,2,"サバゲ2子安颯真ICONIC","トス","ダイレクト","銅",25,0,0,0,"","","",""
197,2,"ユニフォーム浅虫快人ICONIC","トス","ダイレクト","銅",31,0,0,0,"","","",""
199,2,"ユニフォーム湯川良明ICONIC","トス","ダイレクト","銅",25,0,0,0,"","","",""
200,2,"ユニフォーム稲垣功ICONIC","トス","ダイレクト","銅",31,0,0,0,"","","",""
201,2,"ユニフォーム馬門英治ICONIC","トス","ダイレクト","銅",25,0,0,0,"","","",""
202,2,"ユニフォーム百沢雄大ICONIC","トス","ダイレクト","銅",29,0,0,0,"","","",""
203,2,"職業体験百沢雄大ICONIC","トス","ダイレクト","銅",29,0,0,0,"","","",""
204,2,"ユニフォーム照島游児ICONIC","トス","ダイレクト","銅",33,0,0,0,"","","",""
205,2,"制服照島游児ICONIC","トス","ダイレクト","銅",33,0,0,0,"","","",""
206,2,"雪遊び照島游児ICONIC","トス","ダイレクト","銅",33,0,0,0,"","","",""
207,2,"スパイ照島游児ICONIC","トス","ダイレクト","銅",33,0,0,0,"","","",""
208,2,"妖照島游児ICONIC","トス","ダイレクト","銅",33,0,0,0,"","","",""
209,2,"ユニフォーム母畑和馬ICONIC","トス","ダイレクト","銅",25,0,0,0,"","","",""
210,2,"アート2母畑和馬ICONIC","トス","ダイレクト","銅",25,0,0,0,"","","",""
213,2,"ユニフォーム沼尻凛太郎ICONIC","トス","ダイレクト","銅",31,0,0,0,"","","",""
214,2,"ユニフォーム飯坂信義ICONIC","トス","ダイレクト","銅",25,0,0,0,"","","",""
215,2,"ユニフォーム東山勝道ICONIC","トス","ダイレクト","銅",31,0,0,0,"","","",""
217,2,"ユニフォーム中島猛ICONIC","トス","ダイレクト","銅",33,0,0,0,"","","",""
218,2,"スパイ中島猛ICONIC","トス","ダイレクト","銅",33,0,0,0,"","","",""
219,2,"ユニフォーム白石優希ICONIC","トス","ダイレクト","銅",29,0,0,0,"","","",""
221,2,"ユニフォーム鳴子哲平ICONIC","トス","ダイレクト","銅",24,0,0,0,"","","",""
223,2,"ユニフォーム松島剛ICONIC","トス","ダイレクト","銅",23,0,0,0,"","","",""
224,2,"妖松島剛ICONIC","トス","ダイレクト","銅",23,0,0,0,"","","",""
225,2,"ユニフォーム川渡瞬己ICONIC","トス","ダイレクト","銅",34,0,0,0,"","","",""
226,2,"サバゲ2川渡瞬己ICONIC","トス","ダイレクト","銅",34,0,0,0,"","","",""
227,2,"ユニフォーム牛島若利ICONIC","トス","ダイレクト","銅",30,0,0,0,"","","",""
228,2,"水着牛島若利ICONIC","トス","ダイレクト","銅",30,0,0,0,"","","",""
231,2,"文化祭2牛島若利ICONIC","トス","ダイレクト","銅",30,0,0,0,"","","",""
232,2,"妖牛島若利ICONIC","トス","ダイレクト","銅",30,0,0,0,"","","",""
233,2,"ハロウィン牛島若利ICONIC","トス","ダイレクト","銅",30,0,0,0,"","","",""
234,2,"ユニフォーム天童覚ICONIC","トス","ダイレクト","銅",30,0,0,0,"","","",""
235,2,"水着天童覚ICONIC","トス","ダイレクト","銅",30,0,0,0,"","","",""
236,2,"文化祭天童覚ICONIC","トス","ダイレクト","銅",30,0,0,0,"","","",""
238,2,"仮装天童覚ICONIC","トス","ダイレクト","銅",30,0,0,0,"","","",""
239,2,"遊園地天童覚ICONIC","トス","ダイレクト","銅",30,0,0,0,"","","",""
240,2,"ユニフォーム五色工ICONIC","トス","ダイレクト","銅",31,0,0,0,"","","",""
241,2,"職業体験五色工ICONIC","トス","ダイレクト","銅",31,0,0,0,"","","",""
242,2,"制服五色工ICONIC","トス","ダイレクト","銅",31,0,0,0,"","","",""
243,2,"バカンス五色工ICONIC","トス","ダイレクト","銅",31,0,0,0,"","","",""
244,2,"Xmas2五色工ICONIC","トス","ダイレクト","銅",31,0,0,0,"","","",""
245,2,"サバゲ2五色工ICONIC","トス","ダイレクト","銅",31,0,0,0,"","","",""
252,2,"ユニフォーム大平獅音ICONIC","トス","ダイレクト","銅",31,0,0,0,"","","",""
253,2,"ユニフォーム川西太一ICONIC","トス","ダイレクト","銅",31,0,0,0,"","","",""
254,2,"路地裏川西太一ICONIC","トス","ダイレクト","銅",31,0,0,0,"","","",""
261,2,"ユニフォーム強羅昌己ICONIC","トス","ダイレクト","銅",29,0,0,0,"","","",""
262,2,"ユニフォーム芦谷洋平ICONIC","トス","ダイレクト","銅",31,0,0,0,"","","",""
263,2,"ユニフォーム仙石伸吾ICONIC","トス","ダイレクト","銅",24,0,0,0,"","","",""
266,2,"ユニフォーム伊勢原裕次ICONIC","トス","ダイレクト","銅",25,0,0,0,"","","",""
268,2,"ユニフォーム千鹿谷栄吉ICONIC","トス","ダイレクト","銅",30,0,0,0,"","","",""
271,2,"ユニフォーム児玉勝ICONIC","トス","ダイレクト","銅",30,0,0,0,"","","",""
273,2,"ユニフォーム島府典明ICONIC","トス","ダイレクト","銅",30,0,0,0,"","","",""
274,2,"ユニフォーム吉川和孝ICONIC","トス","ダイレクト","銅",25,0,0,0,"","","",""
282,2,"ユニフォーム宮治ICONIC","トス","ダイレクト","銅",29,0,0,0,"","","",""
283,2,"RPG宮治ICONIC","トス","ダイレクト","銅",29,0,0,0,"","","",""
285,2,"遊園地宮治ICONIC","トス","ダイレクト","銅",29,0,0,0,"","","",""
286,2,"夏祭り2宮治ICONIC","トス","ダイレクト","銅",30,0,0,0,"","","",""
288,2,"ユニフォーム角名倫太郎ICONIC","トス","ダイレクト","銅",33,0,0,0,"","","",""
289,2,"サバゲ角名倫太郎ICONIC","トス","ダイレクト","銅",33,0,0,0,"","","",""
290,2,"花火角名倫太郎ICONIC","トス","ダイレクト","銅",33,0,0,0,"","","",""
291,2,"路地裏2角名倫太郎ICONIC","トス","ダイレクト","銅",33,0,0,0,"","","",""
292,2,"水着2角名倫太郎ICONIC","トス","ダイレクト","銅",33,0,0,0,"","","",""
293,2,"制服角名倫太郎ICONIC","トス","ダイレクト","銅",33,0,0,0,"","","",""
294,2,"ユニフォーム北信介ICONIC","トス","ダイレクト","銅",31,0,0,0,"","","",""
295,2,"Xmas北信介ICONIC","トス","ダイレクト","銅",31,0,0,0,"","","",""
296,2,"スパイ北信介ICONIC","トス","ダイレクト","銅",31,0,0,0,"","","",""
297,2,"新年2北信介ICONIC","トス","ダイレクト","銅",31,0,0,0,"","","",""
298,2,"職業体験2北信介ICONIC","トス","ダイレクト","銅",31,0,0,0,"","","",""
299,2,"制服北信介ICONIC","トス","ダイレクト","銅",31,0,0,0,"","","",""
300,2,"ユニフォーム尾白アランICONIC","トス","ダイレクト","銅",26,0,0,0,"","","",""
301,2,"雪遊び尾白アランICONIC","トス","ダイレクト","銅",26,0,0,0,"","","",""
302,2,"夏祭り2尾白アランICONIC","トス","ダイレクト","銅",26,0,0,0,"","","",""
305,2,"ユニフォーム大耳練ICONIC","トス","ダイレクト","銅",27,0,0,0,"","","",""
306,2,"ユニフォーム理石平介ICONIC","トス","ダイレクト","銅",25,0,0,0,"","","",""
307,2,"ユニフォーム銀島結ICONIC","トス","ダイレクト","銅",33,0,0,0,"","","",""
308,2,"Xmas2銀島結ICONIC","トス","ダイレクト","銅",33,0,0,0,"","","",""
309,2,"ユニフォーム木兎光太郎ICONIC","トス","ダイレクト","銅",30,0,0,0,"","","",""
316,2,"ユニフォーム木葉秋紀ICONIC","トス","ダイレクト","銅",28,0,0,0,"","","",""
317,2,"探偵木葉秋紀ICONIC","トス","ダイレクト","銅",28,0,0,0,"","","",""
319,2,"路地裏2木葉秋紀ICONIC","トス","ダイレクト","銅",28,0,0,0,"","","",""
320,2,"水着2木葉秋紀ICONIC","トス","ダイレクト","銅",28,0,0,0,"","","",""
321,2,"ユニフォーム猿杙大和ICONIC","トス","ダイレクト","銅",29,0,0,0,"","","",""
322,2,"ハロウィン猿杙大和ICONIC","トス","ダイレクト","銅",29,0,0,0,"","","",""
325,2,"ユニフォーム尾長渉ICONIC","トス","ダイレクト","銅",27,0,0,0,"","","",""
326,2,"ユニフォーム鷲尾辰生ICONIC","トス","ダイレクト","銅",25,0,0,0,"","","",""
327,2,"ハロウィン鷲尾辰生ICONIC","トス","ダイレクト","銅",25,0,0,0,"","","",""
336,2,"ユニフォーム姫川葵ICONIC","トス","ダイレクト","銅",28,0,0,0,"","","",""
337,2,"花火姫川葵ICONIC","トス","ダイレクト","銅",28,0,0,0,"","","",""
338,2,"ユニフォーム当間義友ICONIC","トス","ダイレクト","銅",29,0,0,0,"","","",""
341,2,"ユニフォーム丸山一喜ICONIC","トス","ダイレクト","銅",33,0,0,0,"","","",""
342,2,"ユニフォーム舞子侑志ICONIC","トス","ダイレクト","銅",23,0,0,0,"","","",""
344,2,"ユニフォーム星海光来ICONIC","トス","ダイレクト","銅",32,0,0,0,"","","",""
345,2,"文化祭星海光来ICONIC","トス","ダイレクト","銅",32,0,0,0,"","","",""
346,2,"サバゲ星海光来ICONIC","トス","ダイレクト","銅",32,0,0,0,"","","",""
347,2,"花火星海光来ICONIC","トス","ダイレクト","銅",32,0,0,0,"","","",""
348,2,"新年2星海光来ICONIC","トス","ダイレクト","銅",32,0,0,0,"","","",""
349,2,"ユニフォーム昼神幸郎ICONIC","トス","ダイレクト","銅",26,0,0,0,"","","",""
350,2,"Xmas昼神幸郎ICONIC","トス","ダイレクト","銅",26,0,0,0,"","","",""
351,2,"職業体験2昼神幸郎ICONIC","トス","ダイレクト","銅",26,0,0,0,"","","",""
352,2,"ユニフォーム佐久早聖臣ICONIC","トス","ダイレクト","銅",32,0,0,0,"","","",""
353,2,"サバゲ佐久早聖臣ICONIC","トス","ダイレクト","銅",32,0,0,0,"","","",""
354,2,"新年2佐久早聖臣ICONIC","トス","ダイレクト","銅",32,0,0,0,"","","",""
358,2,"ユニフォーム大将優ICONIC","トス","ダイレクト","銅",28,0,0,0,"","","",""
360,2,"カンフー大将優ICONIC","トス","ダイレクト","銅",28,0,0,0,"","","",""
361,2,"妖大将優ICONIC","トス","ダイレクト","銅",28,0,0,0,"","","",""
362,2,"ユニフォーム沼井和馬ICONIC","トス","ダイレクト","銅",31,0,0,0,"","","",""
363,2,"ユニフォーム潜尚保ICONIC","トス","ダイレクト","銅",27,0,0,0,"","","",""
364,2,"バーガー潜尚保ICONIC","トス","ダイレクト","銅",27,0,0,0,"","","",""
365,2,"ユニフォーム高千穂恵也ICONIC","トス","ダイレクト","銅",26,0,0,0,"","","",""
366,2,"ユニフォーム広尾倖児ICONIC","トス","ダイレクト","銅",25,0,0,0,"","","",""
367,2,"カンフー広尾倖児ICONIC","トス","ダイレクト","銅",25,0,0,0,"","","",""
369,2,"ユニフォーム背黒晃彦ICONIC","トス","ダイレクト","銅",31,0,0,0,"","","",""
372,2,"ユニフォーム和倉久彦ICONIC","トス","ダイレクト","銅",29,0,0,0,"","","",""
373,2,"ユニフォーム金沢伊織ICONIC","トス","ダイレクト","銅",25,0,0,0,"","","",""
374,2,"ユニフォーム志賀智也ICONIC","トス","ダイレクト","銅",31,0,0,0,"","","",""
376,2,"ユニフォーム深谷謙朗ICONIC","トス","ダイレクト","銅",27,0,0,0,"","","",""
9,3,"ユニフォーム影山飛雄ICONIC","トス","クイックオープン","金",35,5,0,0,"","","",""
10,3,"制服影山飛雄ICONIC","トス","クイックオープン","金",35,5,0,0,"","","",""
11,3,"夏祭り影山飛雄ICONIC","トス","クイックオープン","金",35,5,0,0,"","","",""
12,3,"Xmas影山飛雄ICONIC","トス","クイックオープン","金",35,5,0,0,"","","",""
13,3,"1周年影山飛雄ICONIC","トス","クイックオープン","金",35,5,0,0,"","","",""
14,3,"王冠影山飛雄ICONIC","トス","クイックオープン","金",35,5,0,0,"","","",""
15,3,"ジャージ影山飛雄ICONIC","トス","クイックオープン","金",36,5,0,0,"","","",""
16,3,"2周年影山飛雄ICONIC","トス","クイックオープン","金",35,5,0,0,"","","",""
17,3,"中学生影山飛雄ICONIC","トス","クイックオープン","銀",32,5,0,0,"","","",""
18,3,"文化祭3影山飛雄ICONIC","トス","クイックオープン","金",37,5,0,0,"","","",""
28,3,"ユニフォーム山口忠ICONIC","トス","ダイレクト","銅",21,0,0,0,"","","",""
29,3,"水着山口忠ICONIC","トス","ダイレクト","銅",21,0,0,0,"","","",""
30,3,"雪遊び山口忠ICONIC","トス","ダイレクト","銅",19,0,0,0,"","","",""
31,3,"スパイ山口忠ICONIC","トス","ダイレクト","銅",21,0,0,0,"","","",""
32,3,"ジャージ山口忠ICONIC","トス","ダイレクト","銅",21,0,0,0,"","","",""
33,3,"焼き芋山口忠ICONIC","トス","ダイレクト","銅",21,0,0,0,"","","",""
53,3,"ユニフォーム菅原考支ICONIC","トス","時間差","金",35,0,0,0,"","","",""
54,3,"プール掃除菅原考支ICONIC","トス","時間差","金",35,0,0,0,"","","",""
55,3,"文化祭菅原考支ICONIC","トス","時間差","金",35,0,0,0,"","","",""
56,3,"梅雨菅原考支ICONIC","トス","クイックオープン","金",35,0,0,0,"","","",""
57,3,"Xmas2菅原考支ICONIC","トス","時間差","金",36,0,0,0,"","","",""
58,3,"夏祭り2菅原考支ICONIC","トス","時間差","金",35,0,0,0,"","","",""
71,3,"ユニフォーム孤爪研磨ICONIC","トス","ブロード","銅",31,0,0,0,"","","",""
72,3,"制服孤爪研磨ICONIC","トス","ブロード","銀",32,0,0,0,"","","",""
73,3,"夏祭り孤爪研磨ICONIC","トス","ブロード","銅",31,0,0,0,"","","",""
74,3,"1周年孤爪研磨ICONIC","トス","クイックオープン","銀",34,0,0,0,"","","",""
75,3,"スパイ孤爪研磨ICONIC","トス","ブロード","銅",29,0,0,0,"","","",""
76,3,"Xmas2孤爪研磨ICONIC","トス","ブロード","銀",34,0,0,0,"","","",""
77,3,"中学生孤爪研磨ICONIC","トス","ブロード","銅",31,0,0,0,"","","",""
78,3,"ハロウィン孤爪研磨ICONIC","トス","バックアタック","金",36,0,0,0,"","","",""
109,3,"ユニフォーム手白球彦ICONIC","トス","ブロード","銅",32,0,0,0,"","","",""
123,3,"ユニフォーム黄金川貫至ICONIC","トス","時間差","金",42,0,0,0,"","","",""
124,3,"制服黄金川貫至ICONIC","トス","時間差","金",42,0,0,0,"","","",""
125,3,"職業体験黄金川貫至ICONIC","トス","時間差","金",42,0,0,0,"","","",""
126,3,"スパイ黄金川貫至ICONIC","トス","時間差","銅",36,0,0,0,"","","",""
127,3,"焼き芋黄金川貫至ICONIC","トス","時間差","金",43,0,0,0,"","","",""
134,3,"ユニフォーム茂庭要ICONIC","トス","クイックオープン","金",39,0,0,0,"","","",""
137,3,"ユニフォーム笹谷武仁ICONIC","トス","ツーアタック","銅",23,0,0,0,"","","",""
138,3,"ユニフォーム及川徹ICONIC","トス","時間差","銅",33,0,0,0,"","","",""
139,3,"プール掃除及川徹ICONIC","トス","時間差","銅",33,0,0,0,"","","",""
140,3,"Xmas及川徹ICONIC","トス","時間差","銅",33,0,0,0,"","","",""
141,3,"制服及川徹ICONIC","トス","時間差","銅",33,0,0,0,"","","",""
142,3,"路地裏及川徹ICONIC","トス","時間差","銀",36,0,0,0,"","","",""
143,3,"バカンス及川徹ICONIC","トス","時間差","銀",36,0,0,0,"","","",""
144,3,"2周年及川徹ICONIC","トス","時間差","銀",36,0,0,0,"","","",""
145,3,"夏祭り2及川徹ICONIC","トス","時間差","金",40,0,0,0,"","","",""
170,3,"ユニフォーム花巻貴大ICONIC","トス","ダイレクト","銅",30,0,0,0,"","","",""
171,3,"アート花巻貴大ICONIC","トス","ダイレクト","銅",30,0,0,0,"","","",""
172,3,"バーガー花巻貴大ICONIC","トス","ダイレクト","銅",30,0,0,0,"","","",""
173,3,"妖花巻貴大ICONIC","トス","ダイレクト","銅",30,0,0,0,"","","",""
174,3,"焼き芋花巻貴大ICONIC","トス","ダイレクト","銅",30,0,0,0,"","","",""
175,3,"ユニフォーム矢巾秀ICONIC","トス","時間差","金",38,0,0,0,"","","",""
176,3,"キャンプ矢巾秀ICONIC","トス","時間差","金",38,0,0,0,"","","",""
177,3,"ユニフォーム駒木輝ICONIC","トス","ダイレクト","銅",29,0,0,0,"","","",""
181,3,"ユニフォーム芳賀良治ICONIC","トス","バックアタック","金",42,0,0,0,"","","",""
193,3,"ユニフォーム夏瀬伊吹ICONIC","トス","時間差","金",14,0,0,0,"","","",""
194,3,"ユニフォーム秋宮昇ICONIC","トス","クイックオープン","金",40,0,0,0,"","","",""
195,3,"ユニフォーム古牧譲ICONIC","トス","ブロード","金",35,0,0,0,"","","",""
196,3,"雪遊び古牧譲ICONIC","トス","ブロード","金",35,0,0,0,"","","",""
211,3,"ユニフォーム二岐丈晴ICONIC","トス","クイックオープン","銅",31,0,0,0,"","","",""
212,3,"制服二岐丈晴ICONIC","トス","クイックオープン","銅",32,0,0,0,"","","",""
220,3,"ユニフォーム花山一雅ICONIC","トス","ブロード","金",42,0,0,0,"","","",""
246,3,"ユニフォーム白布賢二郎ICONIC","トス","ブロード","金",36,0,0,0,"","","",""
247,3,"探偵白布賢二郎ICONIC","トス","クイックオープン","銀",31,0,0,0,"","","",""
248,3,"制服白布賢二郎ICONIC","トス","ブロード","金",37,0,0,0,"","","",""
249,3,"バカンス白布賢二郎ICONIC","トス","クイックオープン","銀",31,0,0,0,"","","",""
250,3,"路地裏2白布賢二郎ICONIC","トス","時間差","銀",33,0,0,0,"","","",""
251,3,"文化祭3白布賢二郎ICONIC","トス","ブロード","金",37,0,0,0,"","","",""
255,3,"ユニフォーム瀬見英太ICONIC","トス","ブロード","金",25,0,0,0,"","","",""
256,3,"雪遊び瀬見英太ICONIC","トス","ブロード","金",25,0,0,0,"","","",""
257,3,"バカンス瀬見英太ICONIC","トス","ブロード","銀",22,0,0,0,"","","",""
258,3,"アート2瀬見英太ICONIC","トス","ブロード","金",25,0,0,0,"","","",""
259,3,"文化祭3瀬見英太ICONIC","トス","時間差","金",38,0,0,0,"","","",""
265,3,"ユニフォーム七沢健吾ICONIC","トス","クイックオープン","銅",31,0,0,0,"","","",""
272,3,"ユニフォーム名栗翔太ICONIC","トス","クイックオープン","金",39,0,0,0,"","","",""
275,3,"ユニフォーム宮侑ICONIC","トス","クイックオープン","金",42,0,0,0,"","","",""
276,3,"文化祭宮侑ICONIC","トス","クイックオープン","金",42,0,0,0,"","","",""
277,3,"RPG宮侑ICONIC","トス","クイックオープン","金",42,0,0,0,"","","",""
278,3,"カンフー宮侑ICONIC","トス","クイックオープン","金",42,0,0,0,"","","",""
279,3,"新年2宮侑ICONIC","トス","クイックオープン","金",43,0,0,0,"","","",""
280,3,"サバゲ2宮侑ICONIC","トス","クイックオープン","金",42,0,0,0,"","","",""
281,3,"制服宮侑ICONIC","トス","クイックオープン","金",44,0,0,0,"","","",""
284,3,"カンフー宮治ICONIC","トス","ダイレクト","銅",29,0,0,0,"","","",""
287,3,"制服宮治ICONIC","トス","時間差","金",33,0,0,0,"","","",""
328,3,"ユニフォーム赤葦京治ICONIC","トス","時間差","銅",38,0,0,0,"","","",""
329,3,"夏祭り赤葦京治ICONIC","トス","時間差","銅",38,0,0,0,"","","",""
330,3,"制服赤葦京治ICONIC","トス","時間差","銀",41,0,0,0,"","","",""
331,3,"バーガー赤葦京治ICONIC","トス","時間差","銅",38,0,0,0,"","","",""
332,3,"仮装赤葦京治ICONIC","トス","時間差","銀",41,0,0,0,"","","",""
333,3,"妖赤葦京治ICONIC","トス","時間差","銀",42,0,0,0,"","","",""
334,3,"焼き芋赤葦京治ICONIC","トス","時間差","銀",42,0,0,0,"","","",""
335,3,"Xmas3赤葦京治ICONIC","トス","時間差","銀",42,0,0,0,"","","",""
339,3,"ユニフォーム越後栄ICONIC","トス","クイックオープン","金",40,0,0,0,"","","",""
368,3,"ユニフォーム先島伊澄ICONIC","トス","クイックオープン","銅",31,0,0,0,"","","",""
371,3,"ユニフォーム白峰周ICONIC","トス","ブロード","銅",35,0,0,0,"","","",""
9,4,"ユニフォーム影山飛雄ICONIC","トス","ブロード","銅",31,0,0,0,"","","",""
10,4,"制服影山飛雄ICONIC","トス","時間差","銀",31,0,0,0,"","","",""
11,4,"夏祭り影山飛雄ICONIC","トス","時間差","銅",29,0,0,0,"","","",""
12,4,"Xmas影山飛雄ICONIC","トス","時間差","銀",32,0,0,0,"","","",""
13,4,"1周年影山飛雄ICONIC","トス","時間差","銅",29,0,0,0,"","","",""
14,4,"王冠影山飛雄ICONIC","トス","時間差","銀",31,0,0,0,"","","",""
15,4,"ジャージ影山飛雄ICONIC","トス","時間差","金",36,0,0,0,"","","",""
16,4,"2周年影山飛雄ICONIC","トス","時間差","銀",31,0,0,0,"","","",""
17,4,"中学生影山飛雄ICONIC","トス","時間差","銅",29,0,0,0,"","","",""
18,4,"文化祭3影山飛雄ICONIC","トス","時間差","金",37,0,0,0,"","","",""
53,4,"ユニフォーム菅原考支ICONIC","トス","ブロード","銅",24,0,0,0,"","","",""
54,4,"プール掃除菅原考支ICONIC","トス","ブロード","銀",27,0,0,0,"","","",""
55,4,"文化祭菅原考支ICONIC","トス","ブロード","銅",24,0,0,0,"","","",""
56,4,"梅雨菅原考支ICONIC","トス","時間差","金",35,0,0,0,"","","",""
57,4,"Xmas2菅原考支ICONIC","トス","ブロード","銅",24,0,0,0,"","","",""
58,4,"夏祭り2菅原考支ICONIC","トス","ブロード","銀",27,0,0,0,"","","",""
71,4,"ユニフォーム孤爪研磨ICONIC","トス","ツーアタック","金",33,0,0,0,"","","",""
72,4,"制服孤爪研磨ICONIC","トス","ツーアタック","金",33,0,0,0,"","","",""
73,4,"夏祭り孤爪研磨ICONIC","トス","ツーアタック","銅",30,0,0,0,"","","",""
74,4,"1周年孤爪研磨ICONIC","トス","ブロード","銀",34,0,0,0,"","","",""
75,4,"スパイ孤爪研磨ICONIC","トス","ツーアタック","金",33,0,0,0,"","","",""
76,4,"Xmas2孤爪研磨ICONIC","トス","ツーアタック","金",34,0,0,0,"","","",""
77,4,"中学生孤爪研磨ICONIC","トス","ツーアタック","金",33,0,0,0,"","","",""
78,4,"ハロウィン孤爪研磨ICONIC","トス","ツーアタック","銅",28,0,0,0,"","","",""
109,4,"ユニフォーム手白球彦ICONIC","トス","ツーアタック","銅",32,0,0,0,"","","",""
123,4,"ユニフォーム黄金川貫至ICONIC","トス","ブロード","銅",32,0,0,0,"","","",""
124,4,"制服黄金川貫至ICONIC","トス","ブロード","銅",32,0,0,0,"","","",""
125,4,"職業体験黄金川貫至ICONIC","トス","ブロード","銅",32,0,0,0,"","","",""
126,4,"スパイ黄金川貫至ICONIC","トス","ブロード","銅",32,0,0,0,"","","",""
127,4,"焼き芋黄金川貫至ICONIC","トス","ブロード","銅",33,0,0,0,"","","",""
134,4,"ユニフォーム茂庭要ICONIC","トス","ブロード","銅",33,0,0,0,"","","",""
138,4,"ユニフォーム及川徹ICONIC","トス","ブロード","銅",33,0,0,0,"","","",""
139,4,"プール掃除及川徹ICONIC","トス","ブロード","銅",33,0,0,0,"","","",""
140,4,"Xmas及川徹ICONIC","トス","ブロード","銅",33,0,0,0,"","","",""
141,4,"制服及川徹ICONIC","トス","ブロード","銅",33,0,0,0,"","","",""
142,4,"路地裏及川徹ICONIC","トス","ブロード","銀",36,0,0,0,"","","",""
143,4,"バカンス及川徹ICONIC","トス","ブロード","銀",36,0,0,0,"","","",""
144,4,"2周年及川徹ICONIC","トス","ブロード","銅",33,0,0,0,"","","",""
145,4,"夏祭り2及川徹ICONIC","トス","ブロード","金",40,0,0,0,"","","",""
175,4,"ユニフォーム矢巾秀ICONIC","トス","ブロード","銀",34,0,0,0,"","","",""
176,4,"キャンプ矢巾秀ICONIC","トス","ブロード","銀",34,0,0,0,"","","",""
181,4,"ユニフォーム芳賀良治ICONIC","トス","ツーアタック","銅",33,0,0,0,"","","",""
193,4,"ユニフォーム夏瀬伊吹ICONIC","トス","ツーアタック","銅",34,0,0,0,"","","",""
194,4,"ユニフォーム秋宮昇ICONIC","トス","ブロード","銅",34,0,0,0,"","","",""
195,4,"ユニフォーム古牧譲ICONIC","トス","ツーアタック","銅",34,0,0,0,"","","",""
196,4,"雪遊び古牧譲ICONIC","トス","ツーアタック","銀",37,0,0,0,"","","",""
211,4,"ユニフォーム二岐丈晴ICONIC","トス","バックアタック","金",43,0,0,0,"","","",""
212,4,"制服二岐丈晴ICONIC","トス","バックアタック","金",43,0,0,0,"","","",""
220,4,"ユニフォーム花山一雅ICONIC","トス","ツーアタック","銅",35,0,0,0,"","","",""
246,4,"ユニフォーム白布賢二郎ICONIC","トス","ツーアタック","銅",34,0,0,0,"","","",""
247,4,"探偵白布賢二郎ICONIC","トス","ブロード","金",36,0,0,0,"","","",""
248,4,"制服白布賢二郎ICONIC","トス","ツーアタック","銅",34,0,0,0,"","","",""
249,4,"バカンス白布賢二郎ICONIC","トス","ブロード","金",36,0,0,0,"","","",""
250,4,"路地裏2白布賢二郎ICONIC","トス","ブロード","金",38,0,0,0,"","","",""
251,4,"文化祭3白布賢二郎ICONIC","トス","ツーアタック","銀",37,0,0,0,"","","",""
255,4,"ユニフォーム瀬見英太ICONIC","トス","バックアタック","金",45,0,0,0,"","","",""
256,4,"雪遊び瀬見英太ICONIC","トス","バックアタック","金",45,0,0,0,"","","",""
257,4,"バカンス瀬見英太ICONIC","トス","バックアタック","銀",42,0,0,0,"","","",""
258,4,"アート2瀬見英太ICONIC","トス","バックアタック","金",45,0,0,0,"","","",""
259,4,"文化祭3瀬見英太ICONIC","トス","ブロード","銀",22,0,0,0,"","","",""
265,4,"ユニフォーム七沢健吾ICONIC","トス","ツーアタック","銅",29,0,0,0,"","","",""
272,4,"ユニフォーム名栗翔太ICONIC","トス","ツーアタック","銅",32,0,0,0,"","","",""
275,4,"ユニフォーム宮侑ICONIC","トス","ツーアタック","銅",25,0,0,0,"","","",""
276,4,"文化祭宮侑ICONIC","トス","ツーアタック","銅",25,0,0,0,"","","",""
277,4,"RPG宮侑ICONIC","トス","ツーアタック","銅",25,0,0,0,"","","",""
278,4,"カンフー宮侑ICONIC","トス","ツーアタック","銅",25,0,0,0,"","","",""
279,4,"新年2宮侑ICONIC","トス","ツーアタック","金",34,0,0,0,"","","",""
280,4,"サバゲ2宮侑ICONIC","トス","ツーアタック","銅",25,0,0,0,"","","",""
281,4,"制服宮侑ICONIC","トス","ツーアタック","金",35,0,0,0,"","","",""
287,4,"制服宮治ICONIC","トス","ダイレクト","銅",30,0,0,0,"","","",""
328,4,"ユニフォーム赤葦京治ICONIC","トス","ブロード","金",41,0,0,0,"","","",""
329,4,"夏祭り赤葦京治ICONIC","トス","ブロード","金",41,0,0,0,"","","",""
330,4,"制服赤葦京治ICONIC","トス","ブロード","金",41,0,0,0,"","","",""
331,4,"バーガー赤葦京治ICONIC","トス","ブロード","金",41,0,0,0,"","","",""
332,4,"仮装赤葦京治ICONIC","トス","ブロード","銀",38,0,0,0,"","","",""
333,4,"妖赤葦京治ICONIC","トス","ブロード","銀",39,0,0,0,"","","",""
334,4,"焼き芋赤葦京治ICONIC","トス","ブロード","銀",39,0,0,0,"","","",""
335,4,"Xmas3赤葦京治ICONIC","トス","ブロード","銅",36,0,0,0,"","","",""
339,4,"ユニフォーム越後栄ICONIC","トス","ツーアタック","金",37,0,0,0,"","","",""
368,4,"ユニフォーム先島伊澄ICONIC","トス","ツーアタック","銅",33,0,0,0,"","","",""
371,4,"ユニフォーム白峰周ICONIC","トス","バックアタック","銅",41,0,0,0,"","","",""
9,5,"ユニフォーム影山飛雄ICONIC","トス","ツーアタック","銅",31,0,0,0,"","","",""
10,5,"制服影山飛雄ICONIC","トス","ブロード","銅",31,0,0,0,"","","",""
10,6,"制服影山飛雄ICONIC","トス","ツーアタック","銀",33,0,0,0,"","","",""
11,5,"夏祭り影山飛雄ICONIC","トス","ブロード","銅",31,0,0,0,"","","",""
11,6,"夏祭り影山飛雄ICONIC","トス","ツーアタック","銅",31,0,0,0,"","","",""
12,5,"Xmas影山飛雄ICONIC","トス","ブロード","銀",34,0,0,0,"","","",""
12,6,"Xmas影山飛雄ICONIC","トス","ツーアタック","金",37,0,0,0,"","","",""
13,5,"1周年影山飛雄ICONIC","トス","ブロード","銅",31,0,0,0,"","","",""
13,6,"1周年影山飛雄ICONIC","トス","ツーアタック","銅",31,0,0,0,"","","",""
14,5,"王冠影山飛雄ICONIC","トス","ブロード","銅",31,0,0,0,"","","",""
14,6,"王冠影山飛雄ICONIC","トス","ツーアタック","銀",33,0,0,0,"","","",""
15,5,"ジャージ影山飛雄ICONIC","トス","ブロード","銅",31,0,0,0,"","","",""
15,6,"ジャージ影山飛雄ICONIC","トス","ツーアタック","銀",34,0,0,0,"","","",""
16,5,"2周年影山飛雄ICONIC","トス","ブロード","銀",33,0,0,0,"","","",""
16,6,"2周年影山飛雄ICONIC","トス","ツーアタック","銀",33,0,0,0,"","","",""
17,5,"中学生影山飛雄ICONIC","トス","ブロード","銅",31,0,0,0,"","","",""
17,6,"中学生影山飛雄ICONIC","トス","ツーアタック","銅",31,0,0,0,"","","",""
18,5,"文化祭3影山飛雄ICONIC","トス","ブロード","銅",32,0,0,0,"","","",""
18,6,"文化祭3影山飛雄ICONIC","トス","ツーアタック","金",38,0,0,0,"","","",""
53,5,"ユニフォーム菅原考支ICONIC","トス","ツーアタック","銅",24,0,0,0,"","","",""
54,5,"プール掃除菅原考支ICONIC","トス","ツーアタック","銅",24,0,0,0,"","","",""
55,5,"文化祭菅原考支ICONIC","トス","ツーアタック","銅",24,0,0,0,"","","",""
56,5,"梅雨菅原考支ICONIC","トス","ブロード","銅",24,0,0,0,"","","",""
56,6,"梅雨菅原考支ICONIC","トス","ツーアタック","銅",24,0,0,0,"","","",""
57,5,"Xmas2菅原考支ICONIC","トス","ツーアタック","銅",24,0,0,0,"","","",""
58,5,"夏祭り2菅原考支ICONIC","トス","ツーアタック","銀",27,0,0,0,"","","",""
71,5,"ユニフォーム孤爪研磨ICONIC","トス","ダイレクト","銅",24,0,0,0,"","","",""
72,5,"制服孤爪研磨ICONIC","トス","ダイレクト","銅",24,0,0,0,"","","",""
73,5,"夏祭り孤爪研磨ICONIC","トス","ダイレクト","銅",24,0,0,0,"","","",""
74,5,"1周年孤爪研磨ICONIC","トス","ツーアタック","金",33,0,0,0,"","","",""
75,5,"スパイ孤爪研磨ICONIC","トス","ダイレクト","銅",24,0,0,0,"","","",""
76,5,"Xmas2孤爪研磨ICONIC","トス","ダイレクト","銅",24,0,0,0,"","","",""
77,5,"中学生孤爪研磨ICONIC","トス","ダイレクト","銅",24,0,0,0,"","","",""
78,5,"ハロウィン孤爪研磨ICONIC","トス","ダイレクト","銅",25,0,0,0,"","","",""
109,5,"ユニフォーム手白球彦ICONIC","トス","ダイレクト","銅",26,0,0,0,"","","",""
123,5,"ユニフォーム黄金川貫至ICONIC","トス","バックアタック","金",36,0,0,0,"","","",""
123,6,"ユニフォーム黄金川貫至ICONIC","トス","ツーアタック","銅",32,0,0,0,"","","",""
123,7,"ユニフォーム黄金川貫至ICONIC","トス","ダイレクト","銅",27,0,0,0,"","","",""
124,5,"制服黄金川貫至ICONIC","トス","バックアタック","金",36,0,0,0,"","","",""
124,6,"制服黄金川貫至ICONIC","トス","ツーアタック","銅",32,0,0,0,"","","",""
124,7,"制服黄金川貫至ICONIC","トス","ダイレクト","銅",27,0,0,0,"","","",""
125,5,"職業体験黄金川貫至ICONIC","トス","バックアタック","金",36,0,0,0,"","","",""
125,6,"職業体験黄金川貫至ICONIC","トス","ツーアタック","銅",32,0,0,0,"","","",""
125,7,"職業体験黄金川貫至ICONIC","トス","ダイレクト","銅",27,0,0,0,"","","",""
126,5,"スパイ黄金川貫至ICONIC","トス","バックアタック","金",36,0,0,0,"","","",""
126,6,"スパイ黄金川貫至ICONIC","トス","ツーアタック","銅",32,0,0,0,"","","",""
126,7,"スパイ黄金川貫至ICONIC","トス","ダイレクト","銅",27,0,0,0,"","","",""
127,5,"焼き芋黄金川貫至ICONIC","トス","バックアタック","金",37,0,0,0,"","","",""
127,6,"焼き芋黄金川貫至ICONIC","トス","ツーアタック","金",39,0,0,0,"","","",""
127,7,"焼き芋黄金川貫至ICONIC","トス","ダイレクト","銅",28,0,0,0,"","","",""
134,5,"ユニフォーム茂庭要ICONIC","トス","ツーアタック","銅",33,0,0,0,"","","",""
134,6,"ユニフォーム茂庭要ICONIC","トス","ダイレクト","銅",26,0,0,0,"","","",""
138,5,"ユニフォーム及川徹ICONIC","トス","ツーアタック","銅",33,0,0,0,"","","",""
138,6,"ユニフォーム及川徹ICONIC","トス","ダイレクト","金",42,0,0,0,"","","",""
139,5,"プール掃除及川徹ICONIC","トス","ツーアタック","金",39,0,0,0,"","","",""
139,6,"プール掃除及川徹ICONIC","トス","ダイレクト","金",42,0,0,0,"","","",""
140,5,"Xmas及川徹ICONIC","トス","ツーアタック","銀",36,0,0,0,"","","",""
140,6,"Xmas及川徹ICONIC","トス","ダイレクト","金",42,0,0,0,"","","",""
141,5,"制服及川徹ICONIC","トス","ツーアタック","銅",33,0,0,0,"","","",""
141,6,"制服及川徹ICONIC","トス","ダイレクト","金",42,0,0,0,"","","",""
142,5,"路地裏及川徹ICONIC","トス","ツーアタック","銀",36,0,0,0,"","","",""
142,6,"路地裏及川徹ICONIC","トス","ダイレクト","金",42,0,0,0,"","","",""
143,5,"バカンス及川徹ICONIC","トス","ツーアタック","金",39,0,0,0,"","","",""
143,6,"バカンス及川徹ICONIC","トス","ダイレクト","金",42,0,0,0,"","","",""
144,5,"2周年及川徹ICONIC","トス","ツーアタック","銅",33,0,0,0,"","","",""
144,6,"2周年及川徹ICONIC","トス","ダイレクト","銅",36,0,0,0,"","","",""
145,5,"夏祭り2及川徹ICONIC","トス","ツーアタック","銀",36,0,0,0,"","","",""
145,6,"夏祭り2及川徹ICONIC","トス","ダイレクト","銀",39,0,0,0,"","","",""
175,5,"ユニフォーム矢巾秀ICONIC","トス","ツーアタック","銅",33,0,0,0,"","","",""
176,5,"キャンプ矢巾秀ICONIC","トス","ツーアタック","銅",33,0,0,0,"","","",""
194,5,"ユニフォーム秋宮昇ICONIC","トス","ツーアタック","銅",34,0,0,0,"","","",""
194,6,"ユニフォーム秋宮昇ICONIC","トス","ダイレクト","銅",26,0,0,0,"","","",""
211,5,"ユニフォーム二岐丈晴ICONIC","トス","ツーアタック","銅",34,0,0,0,"","","",""
211,6,"ユニフォーム二岐丈晴ICONIC","トス","ダイレクト","銅",34,0,0,0,"","","",""
212,5,"制服二岐丈晴ICONIC","トス","ツーアタック","銀",37,0,0,0,"","","",""
247,5,"探偵白布賢二郎ICONIC","トス","ツーアタック","銀",37,0,0,0,"","","",""
249,5,"バカンス白布賢二郎ICONIC","トス","ツーアタック","金",40,0,0,0,"","","",""
250,5,"路地裏2白布賢二郎ICONIC","トス","ツーアタック","金",40,0,0,0,"","","",""
255,5,"ユニフォーム瀬見英太ICONIC","トス","ツーアタック","銅",35,0,0,0,"","","",""
256,5,"雪遊び瀬見英太ICONIC","トス","ツーアタック","銀",38,0,0,0,"","","",""
257,5,"バカンス瀬見英太ICONIC","トス","ツーアタック","銀",38,0,0,0,"","","",""
258,5,"アート2瀬見英太ICONIC","トス","ツーアタック","銀",38,0,0,0,"","","",""
259,5,"文化祭3瀬見英太ICONIC","トス","バックアタック","銀",42,0,0,0,"","","",""
259,6,"文化祭3瀬見英太ICONIC","トス","ツーアタック","銀",38,0,0,0,"","","",""
265,5,"ユニフォーム七沢健吾ICONIC","トス","ダイレクト","銅",29,0,0,0,"","","",""
328,5,"ユニフォーム赤葦京治ICONIC","トス","ツーアタック","銅",30,0,0,0,"","","",""
329,5,"夏祭り赤葦京治ICONIC","トス","ツーアタック","銀",33,0,0,0,"","","",""
330,5,"制服赤葦京治ICONIC","トス","ツーアタック","銀",33,0,0,0,"","","",""
331,5,"バーガー赤葦京治ICONIC","トス","ツーアタック","銅",30,0,0,0,"","","",""
332,5,"仮装赤葦京治ICONIC","トス","ツーアタック","銀",33,0,0,0,"","","",""
333,5,"妖赤葦京治ICONIC","トス","ツーアタック","銅",31,0,0,0,"","","",""
334,5,"焼き芋赤葦京治ICONIC","トス","ツーアタック","金",37,0,0,0,"","","",""
335,5,"Xmas3赤葦京治ICONIC","トス","ツーアタック","銅",31,0,0,0,"","","",""
371,5,"ユニフォーム白峰周ICONIC","トス","ツーアタック","銅",38,0,0,0,"","","",""
4,3,"1周年日向翔陽ICONIC","トス","なし","桃",44,5,54,7,"","","",""
9,7,"ユニフォーム影山飛雄ICONIC","トス","シンクロ","桃",51,5,56,7,"","","",""
10,8,"制服影山飛雄ICONIC","トス","なし","桃",51,5,56,7,"","","",""
12,7,"Xmas影山飛雄ICONIC","トス","ツーアタック","桃",54,5,61,7,"","","",""
12,8,"Xmas影山飛雄ICONIC","トス","速攻","桃",54,5,61,7,"","","",""
15,7,"ジャージ影山飛雄ICONIC","トス","なし","桃",51,5,61,7,"","","",""
15,8,"ジャージ影山飛雄ICONIC","トス","速攻","桃",51,5,61,7,"","","",""
17,7,"中学生影山飛雄ICONIC","トス","ツーアタック","桃",51,5,61,7,"","","",""
17,8,"中学生影山飛雄ICONIC","トス","速攻","桃",51,5,61,7,"","","",""
53,6,"ユニフォーム菅原考支ICONIC","トス","なし","桃",37,0,47,0,"","","",""
54,6,"プール掃除菅原考支ICONIC","トス","なし","桃",37,0,47,0,"","","",""
55,6,"文化祭菅原考支ICONIC","トス","なし","桃",37,0,47,0,"","","",""
56,7,"梅雨菅原考支ICONIC","トス","なし","桃",37,0,47,0,"","","",""
56,8,"梅雨菅原考支ICONIC","トス","シンクロ","桃",38,0,48,0,"","","",""
57,6,"Xmas2菅原考支ICONIC","トス","時間差","桃",38,0,48,0,"","","",""
58,6,"夏祭り2菅原考支ICONIC","トス","なし","桃",37,0,47,0,"","","",""
58,8,"夏祭り2菅原考支ICONIC","トス","なし","桃",37,0,47,0,"","","",""
71,6,"ユニフォーム孤爪研磨ICONIC","トス","なし","桃",42,0,52,0,"","","",""
72,6,"制服孤爪研磨ICONIC","トス","なし","桃",42,0,52,0,"","","",""
73,6,"夏祭り孤爪研磨ICONIC","トス","ツーアタック","桃",42,0,52,0,"","","",""
74,7,"1周年孤爪研磨ICONIC","トス","なし","桃",42,0,52,0,"","","",""
75,6,"スパイ孤爪研磨ICONIC","トス","なし","桃",42,0,52,0,"","","",""
76,6,"Xmas2孤爪研磨ICONIC","トス","ツーアタック","桃",43,0,53,0,"","","",""
76,8,"Xmas2孤爪研磨ICONIC","トス","シンクロ","桃",43,0,53,0,"","","",""
77,6,"中学生孤爪研磨ICONIC","トス","なし","桃",42,0,52,0,"","","",""
124,8,"制服黄金川貫至ICONIC","トス","なし","桃",42,0,52,0,"","","",""
125,8,"職業体験黄金川貫至ICONIC","トス","ツーアタック","桃",45,0,55,0,"","","",""
125,9,"職業体験黄金川貫至ICONIC","トス","なし","桃",42,0,52,0,"","","",""
126,8,"スパイ黄金川貫至ICONIC","トス","なし","桃",45,0,55,0,"","","",""
127,8,"焼き芋黄金川貫至ICONIC","トス","速攻","桃",46,0,56,0,"","","",""
127,9,"焼き芋黄金川貫至ICONIC","トス","なし","桃",46,0,56,0,"","","",""
127,10,"焼き芋黄金川貫至ICONIC","トス","ツーアタック","桃",46,0,56,0,"","","",""
134,7,"ユニフォーム茂庭要ICONIC","トス","なし","桃",46,0,56,0,"","","",""
139,7,"プール掃除及川徹ICONIC","トス","ツーアタック","桃",51,0,61,0,"","","",""
140,7,"Xmas及川徹ICONIC","トス","なし","桃",51,0,61,0,"","","",""
140,8,"Xmas及川徹ICONIC","トス","ツーアタック","桃",51,0,61,0,"","","",""
142,7,"路地裏及川徹ICONIC","トス","なし","桃",52,0,62,0,"","","",""
143,7,"バカンス及川徹ICONIC","トス","なし","桃",51,0,61,0,"","","",""
143,8,"バカンス及川徹ICONIC","トス","ツーアタック","桃",51,0,61,0,"","","",""
145,7,"夏祭り2及川徹ICONIC","トス","なし","桃",53,0,63,0,"","","",""
164,3,"中学生国見英ICONIC","トス","なし","桃",44,0,54,0,"","","",""
165,2,"ユニフォーム渡親治ICONIC","トス","なし","桃",50,0,60,0,"","","",""
172,4,"バーガー花巻貴大ICONIC","トス","なし","桃",46,0,56,0,"","","",""
176,6,"キャンプ矢巾秀ICONIC","トス","なし","桃",49,0,59,0,"","","",""
181,5,"ユニフォーム芳賀良治ICONIC","トス","なし","桃",44,0,54,0,"","","",""
193,5,"ユニフォーム夏瀬伊吹ICONIC","トス","なし","桃",44,0,54,0,"","","",""
195,5,"ユニフォーム古牧譲ICONIC","トス","なし","桃",49,0,59,0,"","","",""
196,5,"雪遊び古牧譲ICONIC","トス","なし","桃",49,0,59,0,"","","",""
211,7,"ユニフォーム二岐丈晴ICONIC","トス","シンクロ","桃",47,0,57,0,"","","",""
212,6,"制服二岐丈晴ICONIC","トス","バックアタック","桃",47,0,57,0,"","","",""
212,7,"制服二岐丈晴ICONIC","トス","ツーアタック","桃",47,0,57,0,"","","",""
220,5,"ユニフォーム花山一雅ICONIC","トス","なし","桃",49,0,59,0,"","","",""
246,5,"ユニフォーム白布賢二郎ICONIC","トス","なし","桃",49,0,59,0,"","","",""
248,5,"制服白布賢二郎ICONIC","トス","なし","桃",49,0,59,0,"","","",""
249,6,"バカンス白布賢二郎ICONIC","トス","なし","桃",49,0,59,0,"","","",""
249,7,"バカンス白布賢二郎ICONIC","トス","ツーアタック","桃",49,0,59,0,"","","",""
250,6,"路地裏2白布賢二郎ICONIC","トス","なし","桃",50,0,60,0,"","","",""
250,7,"路地裏2白布賢二郎ICONIC","トス","ツーアタック","桃",50,0,60,0,"","","",""
256,6,"雪遊び瀬見英太ICONIC","トス","なし","桃",49,0,59,0,"","","",""
258,6,"アート2瀬見英太ICONIC","トス","なし","桃",49,0,59,0,"","","",""
258,7,"アート2瀬見英太ICONIC","トス","速攻","桃",49,0,59,0,"","","",""
265,6,"ユニフォーム七沢健吾ICONIC","トス","なし","桃",46,0,56,0,"","","",""
272,5,"ユニフォーム名栗翔太ICONIC","トス","シンクロ","桃",46,0,56,0,"","","",""
273,3,"ユニフォーム島府典明ICONIC","トス","なし","桃",44,0,54,0,"","","",""
275,5,"ユニフォーム宮侑ICONIC","トス","なし","桃",50,0,60,0,"","","",""
279,7,"新年2宮侑ICONIC","トス","ツーアタック","桃",55,0,65,0,"","","",""
283,3,"RPG宮治ICONIC","トス","なし","桃",52,0,62,0,"","","",""
284,4,"カンフー宮治ICONIC","トス","なし","桃",50,0,60,0,"","","",""
318,3,"梅雨木葉秋紀ICONIC","トス","なし","桃",49,0,59,0,"","","",""
339,5,"ユニフォーム越後栄ICONIC","トス","なし","桃",48,0,58,0,"","","",""
359,3,"新年大将優ICONIC","トス","ダイレクト","桃",44,0,54,0,"","","",""
360,3,"カンフー大将優ICONIC","トス","ダイレクト","桃",49,0,59,0,"","","",""
368,5,"ユニフォーム先島伊澄ICONIC","トス","なし","桃",46,0,56,0,"","","",""
371,6,"ユニフォーム白峰周ICONIC","トス","なし","桃",49,0,59,0,"","","",""
18,7,"文化祭3影山飛雄ICONIC","トス","なし","桃",55,5,65,7,"","","","止まるトス"
18,8,"文化祭3影山飛雄ICONIC","トス","速攻","桃",55,5,65,7,"","","","精密を極めるトスワーク"
281,6,"制服宮侑ICONIC","トス","ツーアタック","桃",56,0,66,0,"","","","流麗にツーアタック"
328,6,"ユニフォーム赤葦京治ICONIC","トス","速攻","桃",50,0,60,0,"","","","道は作りますので"
329,7,"夏祭り赤葦京治ICONIC","トス","なし","桃",50,0,60,0,"","","","これほど迷いの要らない一発目も久々だな"
330,7,"制服赤葦京治ICONIC","トス","速攻","桃",50,0,60,0,"","","","道は作りますので"
330,8,"制服赤葦京治ICONIC","トス","ツーアタック","桃",50,0,60,0,"","","","冷静に状況を把握"
331,6,"バーガー赤葦京治ICONIC","トス","なし","桃",50,0,60,0,"","","","これほど迷いの要らない一発目も久々だな"
332,6,"仮装赤葦京治ICONIC","トス","速攻","桃",50,0,60,0,"","","","道は作りますので"
332,7,"仮装赤葦京治ICONIC","トス","なし","桃",50,0,60,0,"","","","これほど迷いの要らない一発目も久々だな"
333,6,"妖赤葦京治ICONIC","トス","速攻","桃",50,0,60,0,"","","","道は作りますので"
334,7,"焼き芋赤葦京治ICONIC","トス","ツーアタック","桃",51,0,61,0,"","","","冷静に状況を把握"
335,6,"Xmas3赤葦京治ICONIC","トス","なし","桃",51,0,61,0,"","","","これほど迷いの要らない一発目も久々だな"
18,9,"文化祭3影山飛雄ICONIC","トス","ツーアタック","桃",52,5,62,7,"","レシーブ能力が低い相手を狙う","","弱点を見抜くツーアタック"
247,6,"探偵白布賢二郎ICONIC","トス","なし","桃",49,0,59,0,"","後衛にもトスが上がる?","",""
251,5,"文化祭3白布賢二郎ICONIC","トス","なし","桃",50,0,60,0,"","高スパイク選手にトスを上げる","","うちのスパイカーに道を空けろ"
259,7,"文化祭3瀬見英太ICONIC","トス","時間差","桃",50,0,60,0,"","1ターン相手の攻撃/守備低下","3.35〜20.01、5〜30.48","変幻自在の組み立て"
279,5,"新年2宮侑ICONIC","トス","なし","桃",52,0,62,0,"","前衛の高スパイク選手へ優先的にトス","","献身的なトス"
281,5,"制服宮侑ICONIC","トス","なし","桃",56,0,66,0,"","前衛の高スパイク選手へ優先的にトス","","献身的なトス"
334,6,"焼き芋赤葦京治ICONIC","トス","なし","桃",51,0,61,0,"","前衛のスパイク能力が高い選手","","赤葦のフォーカストス"
9,6,"ユニフォーム影山飛雄ICONIC","トス","速攻","桃",54,5,61,7,"ユニフォーム日向翔陽、制服日向翔陽、夏祭り日向翔陽","","",""
10,7,"制服影山飛雄ICONIC","トス","速攻","桃",54,5,61,7,"ユニフォーム、制服、夏祭り日向翔陽","","",""
11,7,"夏祭り影山飛雄ICONIC","トス","速攻","桃",51,5,56,7,"ユニフォーム、制服、夏祭り日向翔陽","","",""
13,7,"1周年影山飛雄ICONIC","トス","なし","桃",54,5,61,7,"1周年月島蛍、2周年月島蛍","","",""
13,8,"1周年影山飛雄ICONIC","トス","バックアタック","桃",54,5,61,7,"1周年日向翔陽","","",""
14,7,"王冠影山飛雄ICONIC","トス","なし","桃",54,5,61,7,"SICユニフォーム、王冠日向翔陽","","",""
15,9,"ジャージ影山飛雄ICONIC","トス","なし","桃",54,5,64,7,"ジャージ日向翔陽","","",""
16,7,"2周年影山飛雄ICONIC","トス","なし","桃",51,0,61,0,"1周年月島蛍、2周年月島蛍","","",""
16,8,"2周年影山飛雄ICONIC","トス","なし","桃",51,0,61,0,"王冠日向翔陽","","",""
24,3,"ジャージ月島蛍ICONIC","トス","なし","桃",39,5,49,7,"ユニフォーム東峰旭","","",""
58,7,"夏祭り2菅原考支ICONIC","トス","時間差","桃",37,0,47,0,"夏祭り2東峰旭","回復(本人)","10〜19.8、15〜29.7",""
71,7,"ユニフォーム孤爪研磨ICONIC","トス","なし","桃",42,0,52,0,"夏祭り黒尾鉄朗、1周年黒尾鉄朗","","",""
71,8,"ユニフォーム孤爪研磨ICONIC","トス","なし","桃",42,0,52,0,"ユニフォーム、文化祭2、サバゲ2灰羽リエーフ","","",""
73,7,"夏祭り孤爪研磨ICONIC","トス","なし","桃",42,0,52,0,"夏祭り、1周年、文化祭2、中学生黒尾鉄朗","","",""
74,6,"1周年孤爪研磨ICONIC","トス","なし","桃",42,0,52,0,"夏祭り、1周年、文化祭2、中学生黒尾鉄朗","","",""
76,7,"Xmas2孤爪研磨ICONIC","トス","なし","桃",42,0,52,0,"ユニフォーム、文化祭2、サバゲ2灰羽リエーフ","","",""
77,7,"中学生孤爪研磨ICONIC","トス","なし","桃",42,0,52,0,"夏祭り、1周年、文化祭2、中学生黒尾鉄朗","","",""
78,6,"ハロウィン孤爪研磨ICONIC","トス","バックアタック","桃",44,0,54,0,"ハロウィン黒尾鉄朗","黒尾後衛時","",""
126,9,"スパイ黄金川貫至ICONIC","トス","なし","桃",45,0,55,0,"ユニフォーム青根高伸、甲冑青根高伸","","",""
139,8,"プール掃除及川徹ICONIC","トス","なし","桃",51,0,61,0,"プール掃除、バカンス、夏祭り2岩泉一","","",""
143,9,"バカンス及川徹ICONIC","トス","なし","桃",51,0,61,0,"プール掃除、バカンス、夏祭り2岩泉一","","",""
145,8,"夏祭り2及川徹ICONIC","トス","なし","桃",53,0,63,0,"プール掃除、バカンス、夏祭り2岩泉一","","",""
175,6,"ユニフォーム矢巾秀ICONIC","トス","なし","桃",49,0,59,0,"SICユニフォーム、ユニフォーム京谷賢太郎","","",""
237,3,"制服天童覚ICONIC","トス","バックアタック","桃",48,0,58,0,"制服牛島若利、妖牛島若利","牛島が後衛時","",""
248,6,"制服白布賢二郎ICONIC","トス","なし","桃",49,0,59,0,"制服牛島若利","","",""
250,8,"路地裏2白布賢二郎ICONIC","トス","なし","桃",50,0,60,0,"制服牛島若利","","",""
250,9,"路地裏2白布賢二郎ICONIC","トス","なし","桃",50,0,60,0,"ユニフォーム川西太一はコート内、五色工、牛島若利が前衛","1ターン相手前衛(3)守備低下","3.35〜20.01、5〜30.48",""
275,6,"ユニフォーム宮侑ICONIC","トス","速攻","桃",57,0,64,0,"ユニフォーム宮治、遊園地宮治","","",""
276,5,"文化祭宮侑ICONIC","トス","速攻","桃",50,0,60,0,"ユニフォーム宮治、遊園地宮治","","",""
279,6,"新年2宮侑ICONIC","トス","速攻","桃",52,0,62,0,"ユニフォーム宮治、遊園地宮治","","",""
284,5,"カンフー宮治ICONIC","トス","時間差","桃",50,0,60,0,"カンフー宮侑","","",""
287,5,"制服宮治ICONIC","トス","速攻","桃",52,0,62,0,"制服宮侑","","","双子速攻 マイナス・テンポ ""裏"""
329,6,"夏祭り赤葦京治ICONIC","トス","なし","桃",50,0,60,0,"ユニフォーム、夏祭り、制服木兎光太郎","","","エースの心得"
330,6,"制服赤葦京治ICONIC","トス","なし","桃",50,0,60,0,"ユニフォーム、夏祭り、制服木兎光太郎","","","エースの心得"
334,8,"焼き芋赤葦京治ICONIC","トス","なし","桃",51,0,61,0,"焼き芋木兎光太郎","","","エースから意識が逸れる頃"
335,7,"Xmas3赤葦京治ICONIC","トス","なし","桃",51,0,61,0,"ユニフォーム、夏祭り、制服木兎光太郎","","","エースの心得"
339,6,"ユニフォーム越後栄ICONIC","トス","速攻","桃",48,0,58,0,"ユニフォーム寺泊基希","","",""
